mot,feminin,pluriel,feminin_pluriel,,
BAC,BACS,,,,
HA,,,,,
HAINE,HAINES,,,,
HAÏR,,,,,
HASARD,HASARDS,,,,
HAUT,HAUTE,HAUTS,HAUTES,,
HAUTEMENT,,,,,
HAUTEUR,HAUTEURS,,,,
HÉ,,,,,
HEIN,,,,,
HÉLAS,,,,,
HEP,,,,,
HEU,,,,,
HEURTER,,,,,
HIER,,,,,
HO,,,,,
HOLÀ,,,,,
HONGRIE,,,,,
HONTE,HONTES,,,,
HOP,,,,,
HORMIS,,,,,
HORS,,,,,
HUIT,,,,,
ABAISSER,,,,,
ABANDONNER,,,,,
ABATS,,,,,
ABATTRE,,,,,
ABORD,ABORDS,,,,
ABORDER,,,,,
ABRÉVIATION,ABRÉVIATIONS,,,,
ABRI,ABRIS,,,,
ABSCISSE,ABSCISSES,,,,
ABSENCE,ABSENCES,,,,
ABSENT,ABSENTE,ABSENTS,ABSENTES,,
ABSOLU,ABSOLUE,ABSOLUS,ABSOLUES,,
ABSOLUMENT,,,,,
ABSORBER,,,,,
ABSTRAIT,ABSTRAITE,ABSTRAITS,ABSTRAITES,,
ACADÉMIE,ACADÉMIES,,,,
ACCÉLÉRATION,ACCÉLÉRATIONS,,,,
ACCENT,ACCENTS,,,,
ACCENTUER,,,,,
ACCEPTER,,,,,
ACCÈS,ACCÈS,,,,
ACCESSIBLE,ACCESSIBLE,ACCESSIBLES,ACCESSIBLES,,
ACCIDENT,ACCIDENTS,,,,
ACCIDENTEL,ACCIDENTELLE,ACCIDENTELS,ACCIDENTELLES,,
ACCOMPAGNER,,,,,
ACCOMPLIR,,,,,
ACCORD,ACCORDS,,,,
ACCORDER,,,,,
ACCOUCHER,,,,,
ACCOUPLER,,,,,
ACCROCHER,,,,,
ACCUEILLIR,,,,,
ACCUMULATEUR,ACCUMULATEURS,,,,
ACCUMULER,,,,,
ACCUSER,,,,,
ACHAT,ACHATS,,,,
ACHETER,,,,,
ACHETEUR,ACHETEUSE,ACHETEURS,ACHETEUSES,,
ACHEVER,,,,,
ACIDE,ACIDES,,,,
ACIER,ACIERS,,,,
ACOUSTICIEN,ACOUSTICIENNE,ACOUSTICIENS,ACOUSTICIENNES,,
ACOUSTIQUE,ACOUSTIQUE,ACOUSTIQUES,ACOUSTIQUES,,
ACTE,ACTES,,,,
ACTE,ACTES,,,,
ACTE,ACTES,,,,
ACTEUR,ACTRICE,ACTEURS,ACTRICES,,
ACTIF,ACTIVE,ACTIFS,ACTIVES,,
ACTION,ACTIONS,,,,
ACTION,ACTIONS,,,,
ACTIVEMENT,,,,,
ACTIVITÉ,ACTIVITÉS,,,,
ACTUEL,ACTUELLE,ACTUELS,ACTUELLES,,
ACTUELLEMENT,,,,,
ADAPTATION,ADAPTATIONS,,,,
ADDITION,ADDITIONS,,,,
ADDITIONNER,,,,,
ADEPTE,ADEPTE,ADEPTES,ADEPTES,,
ADÉQUAT,ADÉQUATE,ADÉQUATS,ADÉQUATES,,
ADÉQUATEMENT,,,,,
ADHÉRENT,ADHÉRENTE,ADHÉRENTS,ADHÉRENTES,,
ADHÉRER,,,,,
ADIEU,ADIEUX,,,,
ADJACENT,ADJACENTE,ADJACENTS,ADJACENTES,,
ADJECTIF,ADJECTIVE,ADJECTIFS,"JECTIVE, ADJECTIFS ADJECTIVES",,
ADMETTRE,,,,,
ADMINISTRATIF,ADMINISTRATIVE,ADMINISTRATIFS,ADMINISTRATIVES,,
ADMINISTRATION,ADMINISTRATIONS,,,,
ADMINISTRATIVEMENT,,,,,
ADMIRATIF,ADMIRATIVE,ADMIRATIFS,ADMIRATIVES,,
ADMIRATION,ADMIRATIONS,,,,
ADMIRATIVEMENT,,,,,
ADMIRER,,,,,
ADOLESCENCE,ADOLESCENCES,,,,
ADOLESCENT,ADOLESCENTS,ADOLESCENTS,ADOLESCENTES,,
ADOPTER,,,,,
ADORATION,ADORATIONS,,,,
ADORER,,,,,
ADRESSE,ADRESSES,,,,
ADRESSE,ADRESSES,,,,
ADRESSER,,,,,
ADULTE,ADULTE,ADULTES,ADULTES,,
ADVERBE,ADVERBES,,,,
ADVERSAIRE,ADVERSAIRE,ADVERSAIRES,ADVERSAIRES,,
ADVERSE,ADVERSE,ADVERSES,ADVERSES,,
AÉRIEN,AÉRIENNE,AÉRIENS,AÉRIENNES,,
AÉRODROME,AÉRODROMES,,,,
AÉRODYNAMIQUE,AÉRODYNAMIQUE,AÉRODYNAMIQUES,AÉRODYNAMIQUES,,
AÉRONAUTIQUE,AÉRONAUTIQUE,AÉRONAUTIQUES,AÉRONAUTIQUES,,
AFFAIBLIR,,,,,
AFFAIRE,AFFAIRES,,,,
AFFECTER,,,,,
AFFECTIF,AFFECTIVE,AFFECTIFS,AFFECTIVES,,
AFFECTION,AFFECTIONS,,,,
AFFICHE,AFFICHES,,,,
AFFICHER,,,,,
AFFINITÉ,AFFINITÉS,,,,
AFFIRMATION,AFFIRMATIONS,,,,
AFFIRMER,,,,,
AFIN DE,,,,,
AFIN QUE,,,,,
AFRIQUE,,,,,
ÂGE,ÂGES,,,,
ÂGÉ,ÂGÉE,ÂGÉS,ÂGÉES,,
AGENT,AGENTS,,,,
AGGRAVER,,,,,
AGIR,,,,,
AGITATION,AGITATIONS,,,,
AGITER,,,,,
AGRANDISSEMENT,AGRANDISSEMENTS,,,,
AGRÉABLE,AGRÉABLE,AGRÉABLES,AGRÉABLES,,
AGRÉABLEMENT,,,,,
AGRESSER,,,,,
AGRESSEUR,AGRESSEUSE,AGRESSEURS,AGRESSEUSES,,
AGRESSIF,AGRESSIVE,AGRESSIFS,AGRESSIVES,,
AGRESSION,AGRESSIONS,,,,
AGRESSIVITÉ,AGRESSIVITÉS,,,,
AGRICOLE,AGRICOLE,AGRICOLES,AGRICOLES,,
AGRICULTURE,AGRICULTURES,,,,
AH,,,,,
AIDE,AIDES,,,,
AIDER,,,,,
AÏE,,,,,
AIGU,AIGUË,AIGUS,AIGUËS,,
AIGUILLAGE,AIGUILLAGES,,,,
AIGUILLE,AIGUILLES,,,,
AIGUILLE,AIGUILLES,,,,
AILE,AILES,,,,
AILLEURS,,,,,
AIMER,,,,,
AINSI,,,,,
AIR,AIRS,,,,
AIR,AIRS,,,,
AIR,AIRS,,,,
AIRE,AIRES,,,,
AJOUTER,,,,,
ALCOOL,ALCOOLS,,,,
ALÉATOIRE,ALÉATOIRE,ALÉATOIRES,ALÉATOIRES,,
ALERTE,ALERTES,,,,
ALERTEMENT,,,,,
ALGÈBRE,ALGÈBRES,,,,
ALGÉBRIQUE,ALGÉBRIQUES,,,,
ALGORITHME,ALGORITHMES,,,,
ALIGNEMENT,ALIGNEMENTS,,,,
ALIGNER,,,,,
ALIMENT,ALIMENTS,,,,
ALIMENTAIRE,ALIMENTAIRE,ALIMENTAIRES,ALIMENTAIRES,,
ALIMENTATION,ALIMENTATION,,,,
ALIMENTER,,,,,
ALLEMAGNE,,,,,
ALLER,,,,,
ALLIANCE,ALLIANCES,,,,
ALLIÉ,ALLIÉE,ALLIÉS,ALLIÉES,,
ALLÔ,,,,,
ALLUMER,,,,,
ALORS,,,,,
ALPHABET,ALPHABETS,,,,
ALPHABÉTIQUE,ALPHABÉTIQUE,ALPHABÉTIQUES,ALPHABÉTIQUES,,
ALTÉRATION,ALTÉRATIONS,,,,
ALTÉRER,,,,,
ALTERNATIF,ALTERNATIVE,ALTERNATIFS,ALTERNATIVES,,
ALTERNATIVEMENT,,,,,
ALTERNE,ALTERNES,,,,
ALTERNER,,,,,
ALTITUDE,ALTITUDES,,,,
ÂME,ÂMES,,,,
AMÉLIORATION,AMÉLIORATIONS,,,,
AMÉLIORER,,,,,
AMÉNAGER,,,,,
AMENER,,,,,
AMÉRIQUE,AMÉRIQUES,,,,
AMI,AMIE,AMIS,AMIES,,
AMICAL,AMICALE,AMICAUX,AMICALES,,
AMITIÉ,AMITIÉS,,,,
AMOUR,AMOURS,,,,
AMOUREUX,AMOUREUSE,AMOUREUX,AMOUREUSES,,
AMPÈRE,AMPÈRES,,,,
AMPLEUR,AMPLEURS,,,,
AMPLIFIER,,,,,
AMPLITUDE,AMPLITUDES,,,,
AMUSER,,,,,
AN,ANS,,,,
ANALOGIE,ANALOGIES,,,,
ANALOGUE,ANALOGUE,ANALOGUES,ANALOGUES,,
ANATOMIE,ANATOMIE,,,,
ANCIEN,ANCIENNE,ANCIENS,ANCIENNES,,
ANCIENNEMENT,,,,,
ANGLAIS,ANGLAISE,ANGLAIS,ANGLAISES,,
ANGLE,ANGLES,,,,
ANGLETERRE,,,,,
ANGLO-SAXON,ANGLO-SAXONNE,ANGLO-SAXONS,ANGLO-SAXONNES,,
ANGOISSE,ANGOISSES,,,,
ANGULAIRE,ANGULAIRES,,,,
ANIMAL,ANIMALE,ANIMAUX,ANIMALES,,
ANIMER,,,,,
ANNEAU,ANNEAUX,,,,
ANNÉE,ANNÉES,,,,
ANNIVERSAIRE,ANNIVERSAIRE,ANNIVERSAIRES,ANNIVERSAIRES,,
ANNONCER,,,,,
ANNUEL,ANNUELLE,ANNUELS,ANNUELLES,,
ANNUELLEMENT,,,,,
ANNULER,,,,,
ANOMALIE,ANOMALIES,,,,
ANORMAL,ANORMALE,ANORMAUX,ANORMALES,,
ANTAGONISME,ANTAGONISMES,,,,
ANTÉCÉDENT,ANTÉCÉDENTE,ANTÉCÉDENTS,ANTÉCÉDENTES,,
ANTÉRIEUR,ANTÉRIEURE,ANTÉRIEURS,ANTÉRIEURES,,
ANUS,ANUS,,,,
AOÛT,,,,,
APERCEVOIR,,,,,
APLATIR,,,,,
APOSTROPHE,APOSTROPHES,,,,
APPARAÎTRE,,,,,
APPAREIL,APPAREILS,,,,
APPARENCE,APPARENCES,,,,
APPARENT,APPARENTE,APPARENTS,APPARENTES,,
APPARTEMENT,APPARTEMENTS,,,,
APPARTENANCE,APPARTENANCES,,,,
APPARTENIR,,,,,
APPEL,APPELS,,,,
APPELER,,,,,
APPÉTIT,APPÉTITS,,,,
APPLICATION,APPLICATIONS,,,,
APPLIQUER,,,,,
APPORTER,,,,,
APPRÉCIATION,APPRÉCIATION,,,,
APPRÉCIER,,,,,
APPRÉHENDER,,,,,
APPRENDRE,,,,,
APPRENTISSAGE,APPRENTISSAGES,,,,
APPROBATION,APPROBATIONS,,,,
APPROCHE,APPROCHES,,,,
APPROCHER,,,,,
APPROUVER,,,,,
APPROXIMATIF,APPROXIMATIVE,APPROXIMATIFS,APPROXIMATIVES,,
APPROXIMATIVEMENT,,,,,
APPUI,APPUIS,,,,
APPUYER,,,,,
APRÈS,,,,,
APRÈS-MIDI,APRÈS-MIDIS,,,,
APTITUDE,APTITUDES,,,,
ARABE,ARABE,ARABES,ARABES,,
ARAIGNÉE,ARAIGNÉES,,,,
ARBITRAIRE,ARBITRAIRE,ARBITRAIRES,ARBITRAIRES,,
ARBITRAIREMENT,,,,,
ARBITRE,ARBITRES,,,,
ARBITRE,ARBITRES,,,,
ARBRE,ARBRES,,,,
ARC,ARCS,,,,
ARCHITECTE,ARCHITECTE,ARCHITECTES,ARCHITECTES,,
ARCHITECTURE,ARCHITECTURES,,,,
ARDEUR,ARDEURS,,,,
ARÊTE,ARÊTES,,,,
ARGENT,ARGENTS,,,,
ARGUMENT,ARGUMENTS,,,,
ARITHMÉTIQUE,ARITHMÉTIQUE,ARITHMÉTIQUES,ARITHMÉTIQUES,,
ARME,ARMES,,,,
ARMÉE,ARMÉES,,,,
ARMEMENT,ARMEMENTS,,,,
ARMER,,,,,
ARMES,,,,,
ARMOIRE,ARMOIRES,,,,
ARRACHER,,,,,
ARRESTATION,ARRESTATIONS,,,,
ARRÊTER,,,,,
ARRIÈRE,ARRIÈRES,,,,
ARRIÈRE-PLAN,ARRIÈRE-PLAN,,,,
ARRIVÉE,ARRIVÉES,,,,
ARRIVER,,,,,
ARRONDI,ARRONDIE,ARRONDIS,ARRONDIES,,
ARRONDIR,,,,,
ART,ARTS,,,,
ARTÈRE,ARTÈRES,,,,
ARTÉRIEL,ARTÉRIELLE,ARTÉRIELS,ARTÉRIELLES,,
ARTICLE,ARTICLES,,,,
ARTICULATION,ARTICULATIONS,,,,
ARTICULER,,,,,
ARTIFICIEL,ARTIFICIELLE,ARTIFICIELS,ARTIFICIELLES,,
ARTISAN,ARTISANE,ARTISANS,ARTISANES,,
ARTISANAL,ARTISANALE,ARTISANAUX,ARTISANALES,,
ARTISTE,ARTISTES,,,,
ARTISTIQUE,ARTISTIQUE,ARTISTIQUES,ARTISTIQUES,,
AS,AS,,,,
ASPECT,ASPECTS,,,,
ASSASSINER,,,,,
ASSEMBLÉE,ASSEMBLÉE,,,,
ASSEMBLER,,,,,
ASSEOIR,,,,,
ASSEZ,,,,,
ASSIGNATION,ASSIGNATIONS,,,,
ASSISTANCE,ASSISTANCES,,,,
ASSISTER,,,,,
ASSOCIATION,ASSOCIATIONS,,,,
ASSOCIÉ,ASSOCIÉE,ASSOCIÉS,ASSOCIÉES,,
ASSOCIER,,,,,
ASSURANCE,ASSURANCES,,,,
ASSURER,,,,,
ASTÉRISQUE,,,,,
ASTRE,ASTRES,,,,
ASTRONOME,ASTRONOME,ASTRONOMEs,ASTRONOMES,,
ASTRONOMIE,ASTRONOMIE,,,,
ASTRONOMIQUE,ASTRONOMIQUE,ASTRONOMIQUES,ASTRONOMIQUES,,
ASTUCE,ASTUCES,,,,
ATHLÈTE,ATHLÈTE,ATHLÈTES,ATHLÈTES,,
ATHLÉTIQUE,ATHLÉTIQUE,ATHLÉTIQUES,ATHLÉTIQUE,,
ATHLÉTISME, ATHLÉTISMES,,,,
ATMOSPHÈRE,ATMOSPHÈRES,,,,
ATMOSPHÉRIQUE,ATMOSPHÉRIQUE,ATMOSPHÉRIQUES,ATMOSPHÉRIQUES,,
ATOME,ATOMES,,,,
ATOMIQUE,ATOMIQUE,ATOMIQUES,ATOMIQUES,,
ATOUT,ATOUTS,,,,
ATTACHEMENT,ATTACHEMENTS,,,,
ATTACHER,,,,,
ATTAQUANT,ATTAQUANTE,ATTAQUANTS, ATTAQUANTES,,
ATTAQUER,,,,,
ATTEINDRE,,,,,
ATTENDRE,,,,,
ATTENDU,,,,,
ATTENTE,ATTENTES,,,,
ATTENTIF,ATTENTIVE,ATTENTIFS,ATTENTIVES,,
ATTENTION,ATTENTIONS,,,,
ATTENTIVEMENT,,,,,
ATTERRISSAGE,ATTERRISSAGES,,,,
ATTESTER,,,,,
ATTIRANCE,ATTIRANCES,,,,
ATTIRER,,,,,
ATTITUDE,ATTITUDES,,,,
ATTRACTIF,ATTRACTIVE,ATTRACTIFS,ATTRACTIVES,,
ATTRACTION,ATTRACTIONS,,,,
ATTRAIT,ATTRAITS,,,,
ATTRAPER,,,,,
ATTRIBUER,,,,,
ATTRIBUT,ATTRIBUTS,,,,
ATTRIBUTION,ATTRIBUTIONS,,,,
AUBE,AUBES,,,,
AUCUN,AUCUNE,AUCUNS,AUCUNES,,
AUCUNEMENT,,,,,
AUDIENCE,AUDIENCES,,,,
AUGMENTATION,AUGMENTATIONS,,,,
AUGMENTER,,,,,
AUJOURD''HUI,,,,,
AUPARAVANT,,,,,
AUPRÈS (DE),,,,,
AURICULAIRE,AURICULAIRE,AURICULAIRES,AURICULAIRES,,
AURORE,AURORES,,,,
AUSSI,,,,,
AUSSITÔT,,,,,
AUTANT,,,,,
AUTEUR,AUTEURE,AUTEURS,AUTEURES,,
AUTOCAR,AUTOCARS,,,,
AUTODÉTERMINATION,AUTODÉTERMINATIONS,,,,
AUTOMATIQUE,AUTOMATIQUE,AUTOMATIQUES,AUTOMATIQUES,,
AUTOMATIQUEMENT,,,,,
AUTOMNE,AUTOMNES,,,,
AUTOMOBILE,AUTOMOBILE,AUTOMOBILES,AUTOMOBILES,,
AUTONOME,AUTONOME,AUTONOMES,AUTONOMES,,
AUTORISATION,AUTORISATIONS,,,,
AUTORISÉ,AUTORISÉE,AUTORISÉS, AUTORISÉES,,
AUTORISER,,,,,
AUTORITÉ,AUTORITÉS,,,,
AUTOUR,,,,,
AUTRE,AUTRES,,,,
AUTREFOIS,,,,,
AUTREMENT,,,,,
AUTRICHE,,,,,
AUTRUI,,,,,
AUXILIAIRE,AUXILIAIRE,AUXILIAIRES,AUXILIAIRES,,
AVALER,,,,,
AVANCE,AVANCES,,,,
AVANCÉE,AVANCÉES,,,,
AVANCEMENT,AVANCEMENTS,,,,
AVANCER,,,,,
AVANT,AVANTS,,,,
AVANTAGE,AVANTAGES,,,,
AVANTAGEUSEMENT,,,,,
AVANTAGEUX,AVANTAGEUSE,AVANTAGEUX,AVANTAGEUSES,,
AVEC,,,,,
AVENIR,AVENIRS,,,,
AVENTURE,AVENTURES,,,,
AVÉRER,,,,,
AVERTIR,,,,,
AVERTISSEMENT,AVERTISSEMENTS,,,,
AVEU,AVEUX,,,,
AVIATION,AVIATIONS,,,,
AVION,AVIONS,,,,
AVIS,AVIS,,,,
AVOCAT,AVOCATS,,,,
AVOIR,,,,,
AVOUER,,,,,
AVRIL,,,,,
AXE,AXES,,,,
AXIAL,AXIALE,AXIAUX,AXIALES,,
BAC,BACS,,,,
BACCALAURÉAT,BACCALAURÉATS,,,,
BAGUETTE,BAGUETTES,,,,
BAH,,,,,
BAIGNOIRE,BAIGNOIRES,,,,
BAISER,,,,,
BAISSER,,,,,
BALANCIER,BALANCIERS,,,,
BALLE,BALLES,,,,
BALLON,BALLONS,,,,
BALTIQUE (mer),,,,,
BANC,BANCS,,,,
BANCAIRE,BANCAIRE,BANCAIRES,BANCAIRES,,
BANDE,BANDES,,,,
BANDE,BANDES,,,,
BANDE,BANDES,,,,
BANQUE,BANQUES,,,,
BANQUIER,BANQUIÈRE,BANQUIERS,BANQUIÈRES,,
BAPTÊME,BAPTÊMES,,,,
BARBE,BARBES,,,,
BARRE,BARRES,,,,
BARREAU,BARREAUX,,,,
BARRER,,,,,
BARRIÈRE,BARRIÈRES,,,,
BAS,BASSE,BAS,BASSES,,
BAS,BAS,,,,
BASE,BASES,,,,
BASER,,,,,
BASKET-BALL,BASKET-BALLS,,,,
BASSIN,BASSINS,,,,
BATAILLE,BATAILLES,,,,
BATEAU,BATEAU,BATEAUX,BATEAUX,,
BÂTIMENT,BÂTIMENTS,,,,
BÂTIR,,,,,
BÂTON,BÂTONS,,,,
BATTERIE,BATTERIES,,,,
BATTRE,,,,,
BÉATIFIER,,,,,
BEAU,BELLE,BEAUX,BELLES,,
BEAU,BELLE,BEAUX,BELLES,,
BEAU,BEAUX,,,,
BEAUCOUP,,,,,
BEAUTÉ,BEAUTÉS,,,,
BEAUX-ARTS,,,,,
BÉBÉ,BÉBÉS,,,,
BEC,BECS,,,,
BEIGE,BEIGE,BEIGES,BEIGES,,
BELGIQUE,,,,,
BELLE,BELLES,,,,
BÉNÉFICE,BÉNÉFICES,,,,
BÉNÉFICIER,,,,,
BÉNÉFIQUE,BÉNÉFIQUE,BÉNÉFIQUES,BÉNÉFIQUES,,
BESOIN,BESOINS,,,,
BÉTAIL,BÉTAILS,,,,
BÊTE,BÊTES,,,,
BÉTON,BÉTONS,,,,
BEURRE,BEURRES,,,,
BIBLIOTHÈQUE,BIBLIOTHÈQUES,,,,
BICYCLETTE,BICYCLETTES,,,,
BIEN,,,,,
BIENTÔT,,,,,
BIÈRE,BIÈRES,,,,
BIÈRE,BIÈRES,,,,
BIFTECK,BIFTECKS,,,,
BIJECTION,BIJECTIONS,,,,
BIJOU,BIJOUX,,,,
BIJOUTERIE,BIJOUTERIE,,,,
BILAN,BILANS,,,,
BILLARD,BILLARDS,,,,
BILLET,BILLETS,,,,
BIMESTRE,BIMESTRES,,,,
BIMESTRIEL,BIMESTRIELLE,BIMESTRIELS,BIMESTRIELLES,,
BIOLOGIE,BIOLOGIES,,,,
BIOLOGIQUE,BIOLOGIQUE,BIOLOGIQUES,BIOLOGIQUES,,
BIS,,,,,
BISSECTEUR,BISSECTRICE,BISSECTEURS,BISSECTRICES,,
BISSEXTIL,BISSEXTILES,BISSEXTILS, BISSEXTILES,,
BLANC,BLANCHE,BLANCS,BLANCHES,,
BLESSÉ,BLESSÉE,BLESSÉS, BLESSÉES,,
BLESSER,,,,,
BLEU,BLEUE,BLEUS,BLEUES,,
BLOC,BLOCS,,,,
BLOND,BLONDE,BLONDS,BLONDES,,
BLOQUER,,,,,
BOIRE,,,,,
BOIS,BOIS,,,,
BOISSON,BOISSONS,,,,
BOÎTE,BOÎTES,,,,
BON,BONNE,BONS,BONNES,,
BONHEUR,BONHEUR,,,,
BONTÉ,BONTÉS,,,,
BORD,BORDS,,,,
BORDER,,,,,
BORNE,BORNES,,,,
BOUCHE,BOUCHES,,,,
BOUCHERIE,BOUCHERIES,,,,
BOUCLE,BOUCLES,,,,
BOUGER,,,,,
BOULE,BOULES,,,,
BOULEVERSEMENT,BOULEVERSEMENTS,,,,
BOUM,,,,,
BOUSSOLE,BOUSSOLES,,,,
BOUT,BOUTS,,,,
BOUTEILLE,BOUTEILLES,,,,
BOUTON,BOUTONS,,,,
BOVIN,BOVINE,BOVINS, BOVINES,,
BOXE,BOXES,,,,
BOYAU,BOYAUX,,,,
BRANCHE,BRANCHES,,,,
BRANCHE,BRANCHES,,,,
BRAS,BRAS,,,,
BRAVO,BRAVOS,,,,
BREF,BRÈVE,BREFS,BRÈVES,,
BREVET,BREVETS,,,,
BRIÈVEMENT,,,,,
BRILLER,,,,,
BRIN,BRINS,,,,
BRISER,,,,,
BROCHER,,,,,
BRODER,,,,,
BROUM,,,,,
BRUIT,BRUITS,,,,
BRÛLER,,,,,
BRÛLEUR,BRÛLEURS,,,,
BRÛLURE,BRÛLURES,,,,
BRUMAIRE,,,,,
BRUN,BRUNE,BRUNS, BRUNES,,
BRUSQUE,BRUSQUES,,,,
BRUSQUEMENT,,,,,
BRUT,BRUTE,BRUTS, BRUTES,,
BRUTAL,BRUTALE,BRUTAUX, BRUTALES,,
BRUTALITÉ,BRUTALITÉS,,,,
BRUYAMMENT,,,,,
BRUYANT,BRUYANTE,BRUYANTS, BRUYANTES,,
BUDGET,BUDGETS,,,,
BULGARIE,,,,,
BULLE,BULLES,,,,
BULLETIN,BULLETINS,,,,
BUREAU,BUREAUX,,,,
BUSTE,BUSTES,,,,
BUT,BUTS,,,,
ÇÀ,,,,,
CÂBLE,CÂBLES,,,,
CACHER,,,,,
CADAVRE,CADAVRES,,,,
CADRAN,CADRANS,,,,
CADRE,CADRES,,,,
CADRE,CADRES,,,,
CAFÉ,CAFÉS,,,,
CAGE,CAGES,,,,
CAHIER,CAHIERS,,,,
CAISSE,CAISSES,,,,
CALCUL,CALCULS,,,,
CALCULATEUR,CALCULATRICE,CALCULATEURS,CALCULATRICES,,
CALCULER,,,,,
CALENDRIER,CALENDRIERS,,,,
CALER,,,,,
CALER,,,,,
CALME,CALME,CALMES,CALMES,,
CALMER,,,,,
CAMARADE,CAMARADES,,,,
CAMION,CAMIONS,,,,
CAMION,CAMIONS,,,,
CAMP,,,,,
CAMPAGNE,CAMPAGNES,,,,
CANADA,,,,,
CANADA,,,,,
CANALISATION,CANALISATIONS,,,,
CANCER,CANCERS,,,,
CANDIDAT,CANDIDATE,CANDIDATS, CANDIDATES,,
CANDIDATURE,CANDIDATURES,,,,
CANON,CANON,CANONS,CANONS,,
CANONISER,,,,,
CAPABLE,CAPABLE,CAPABLES,CAPABLES,,
CAPACITÉ,CAPACITÉS,,,,
CAPITAL,CAPITAUX,,,,
CAPITALE,CAPITALES,,,,
CAPITULER,,,,,
CAPORAL,CAPORALE,CAPORAUX,CAPORALES,,
CAPORAL-CHEF,CAPORALE-CHEFFE,CAPORAUX-CHEFS, CAPORALES-CHEFFES,,
CAPSULE,CAPSULES,,,,
CAPTER,,,,,
CAPTURER,,,,,
CAR,CARS,,,,
CAR,,,,,
CARACTÈRE,CARACTÈRES,,,,
CARACTÉRISER,,,,,
CARACTÉRISTIQUE,CARACTÉRISTIQUE,CARACTÉRISTIQUES,CARACTÉRISTIQUES,,
CARBONE,CARBONES,,,,
CARBONIQUE,CARBONIQUE,CARBONIQUES,CARBONIQUES,,
CARBURANT,CARBURANTE,CARBURANTS,CARBURANTES,,
CARCASSE,CARCASSES,,,,
CARDINAL,CARDINAL,CARDINAUX, CARDINALES,,
CARÊME,CARÊMES,,,,
CARESSE,CARESSES,,,,
CARESSER,,,,,
CARNASSIER,CARNASSIÈRE,CARNASSIERS,CARNASSIÈRES,,
CARNIVORE,CARNIVORE,CARNIVORES,CARNIVORES,,
CARPE,CARPES,,,,
CARPE,CARPES,,,,
CARRÉ,CARRÉE,CARRÉS,CARRÉES,,
CARREAU,CARREAUX,,,,
CARROSSERIE,CARROSSERIES,,,,
CARTE,CARTES,,,,
CARTÉSIEN,CARTÉSIENNE,CARTÉSIENS,CARTÉSIENNES,,
CARTILAGE,CARTILAGES,,,,
CARTON,CARTONS,,,,
CARTOUCHE,CARTOUCHES,,,,
CAS,CAS,,,,
CASE,CASES,,,,
CASERNE,CASERNES,,,,
CASSER,,,,,
CATASTROPHE,CATASTROPHES,,,,
CATÉGORIE,CATÉGORIES,,,,
CATHOLICISME,CATHOLICISME,,,,
CATHOLIQUE,CATHOLIQUE,CATHOLIQUES,CATHOLIQUES,,
CATHOLIQUEMENT,,,,,
CAUSE,CAUSES,,,,
CAUSER,,,,,
CAVALIER,CAVALIÈRE,CAVALIERS,CAVALIÈRES,,
CAVERNE,CAVERNES,,,,
CAVITÉ,CAVITÉS,,,,
CE,CETTE,CES,CES,,
CE,,,,,
CECI,,,,,
CÉDER,,,,,
CELA,,,,,
CÉLÉBRATION,CÉLÉBRATIONS,,,,
CÉLÉBRER,,,,,
CELLULE,CELLULES,,,,
CELUI,CELLE,CEUX,CELLES,,
CELUI-CI,CELLE-CI,CEUX-CI,CELLES-CI,,
CELUI-LÀ,CELLE-LÀ,CEUX-LÀ,CELLES-LÀ,,
CENT,CENTS,,,,
CENTAINE,CENTAINES,,,,
CENTENAIRE,CENTENAIRES,,,,
CENTENNAL,CENTENNALE,CENTENNAUX,CENTENNALES,,
CENTIÈME,CENTIÈMES,,,,
CENTILITRE,CENTILITRES,,,,
CENTIMÈTRE,CENTIMÈTRES,,,,
CENTRAL,CENTRALE,CENTRAUX,CENTRALES,,
CENTRE,CENTRES,,,,
CENTRER,,,,,
CEPENDANT,,,,,
CERCLE,CERCLES,,,,
CERISE,CERISES,,,,
CERTAIN,CERTAINE,CERTAINS,CERTAINES,,
CERTAINEMENT,,,,,
CERTES,,,,,
CERVEAU,CERVEAUX,,,,
CESSE,,,,,
CESSER,,,,,
CHACUN,CHACUNE,,,,
CHAÎNE,CHAÎNES,,,,
CHAIR,CHAIRS,,,,
CHALEUR,CHALEURS,,,,
CHAMBRE,CHAMBRES,,,,
CHAMP,CHAMPS,,,,
CHANCE,CHANCES,,,,
CHANGER,,,,,
CHANT,CHANTS,,,,
CHANTER,,,,,
CHAPITRE,CHAPITRES,,,,
CHAQUE,,,,,
CHARGE,CHARGES,,,,
CHARGER,,,,,
CHASSE,CHASSES,,,,
CHASSER,,,,,
CHAT,CHATTE,CHATS,CHATTES,,
CHAUD,CHAUDE,CHAUDS,CHAUDES,,
CHAUDEMENT,,,,,
CHEF,CHEFS,,,,
CHEMIN,CHEMINS,,,,
CHEMISE,CHEMISES,,,,
CHER,CHÈRE,CHERS,CHÈRES,,
CHERCHER,,,,,
CHÈREMENT,,,,,
CHEVAL,CHEVAUX,,,,
CHEVEU,CHEVEUX,,,,
CHEZ,,,,,
CHIEN,CHIENNE,CHIENS,CHIENNES,,
CHIFFRE,CHIFFRES,,,,
CHOISIR,,,,,
CHOIX,CHOIX,,,,
CHOSE,CHOSES,,,,
CHUT,,,,,
CHUTE,CHUTES,,,,
CI,,,,,
CIEL,CIELS,CIEUX,,,
CINQ,,,,,
CINQUANTE,,,,,
CINQUANTE-CINQ,,,,,
CINQUANTE-QUATRE,,,,,
CINQUIÈME,CINQUIÈME,CINQUIÈMES,CINQUIÈMES,,
CIRCONSCRIRE,,,,,
CIRCONSTANCE,CIRCONSTANCES,,,,
CIRCULAIRE,CIRCULAIRE,CIRCULAIRES,CIRCULAIRES,,
CITER,,,,,
CLAIR,CLAIRE,CLAIRS,CLAIRES,,
CLAIREMENT,,,,,
CLAQUER,,,,,
CLASSE,CLASSES,,,,
CLASSER,,,,,
CLÉ,CLÉS,,,,
CLIQUER,,,,,
COEFFICIENT,COEFFICIENTS,,,,
CŒUR,CŒURS,,,,
COIN,COINS,,,,
COLÈRE,COLÈRES,,,,
COLLÈGE,COLLÈGES,,,,
COLLINE,COLLINES,,,,
COLON,COLONS,,,,
COLONNE,COLONNES,,,,
COMBAT,COMBATS,,,,
COMBIEN,,,,,
COMMANDER,,,,,
COMME,,,,,
COMMENCEMENT,COMMENCEMENTS,,,,
COMMENCER,,,,,
COMMENT,COMMENTS,,,,
COMMUN,COMMUNS,COMMUNE,COMMUNES,,
COMMUNIQUER,,,,,
COMPAGNIE,COMPAGNIES,,,,
COMPAGNON,COMPAGNE,COMPAGNONS,COMPAGNES,,
COMPARAISON,COMPARAISONS,,,,
COMPARER,,,,,
COMPAS,COMPAS,,,,
COMPÉTENCE,COMPÉTENCES,,,,
COMPLÉMENTAIRE,COMPLÉMENTAIRE,COMPLÉMENTAIRES,COMPLÉMENTAIRES,,
COMPLET,COMPLÈTE,COMPLETS,COMPLÈTES,,
COMPLET,COMPLÈTE,COMPLETS,COMPLÈTES,,
COMPLÈTEMENT,,,,,
COMPLETER,,,,,
COMPLÉTER,,,,,
COMPLEXE,COMPLEXE,COMPLEXES,COMPLEXES,,
COMPORTER,,,,,
COMPOSER,,,,,
COMPRÉHENSIBLE,COMPRÉHENSIBLES,,,,
COMPRENDRE,,,,,
COMPTE,COMPTES,,,,
COMPTER,,,,,
CONCEPT,CONCEPTS,,,,
CONCERNANT,,,,,
CONCERNER,,,,,
CONCLURE,,,,,
CONCLURE,,,,,
CONCLUSION,CONCLUSIONS,,,,
CONCRET,CONCRÈTE,CONCRETS,CONCRÈTES,,
CONCRÈTEMENT,,,,,
CONDAMNER,,,,,
CONDITION,CONDITIONS,,,,
CONDUIRE,,,,,
CÔNE,CÔNES,,,,
CONFIANCE,CONFIANCES,,,,
CONFIER,,,,,
CONFONDRE,,,,,
CONFORME,CONFORME,CONFORMES,CONFORMES,,
CONFORMÉMENT,,,,,
CONFUSION,CONFUSIONS,,,,
CONJECTURE,CONJECTURES,,,,
CONJONCTIF,CONJONCTIVE,CONJONCTIFS,CONJONCTIVES,,
CONJONCTION,CONJONCTIONS,,,,
CONJUGAISON,CONJUGAISONS,,,,
CONNAISSANCE,CONNAISSANCES,,,,
CONNAÎTRE,,,,,
CONSACRER,,,,,
CONSCIENCE,CONSCIENCES,,,,
CONSÉCUTIF,CONSÉCUTIVE,CONSÉCUTIFS,CONSÉCUTIVES,,
CONSÉCUTIVEMENT,,,,,
CONSEIL,CONSEILS,,,,
CONSENTIR,,,,,
CONSÉQUENCE,CONSÉQUENCES,,,,
CONSÉQUENT,CONSÉQUENTE,CONSÉQUENTS,CONSÉQUENTES,,
CONSERVER,,,,,
CONSIDÉRER,,,,,
CONSISTER,,,,,
CONSTANT,CONSTANTE,CONSTANTS,CONSTANTES,,
CONSTATER,,,,,
CONSTITUER,,,,,
CONSTRUCTION,CONSTRUCTIONS,,,,
CONSTRUIRE,,,,,
CONSULTER,,,,,
CONTENIR,,,,,
CONTENT,CONTENTE,CONTENTS,CONTENTES,,
CONTENTER,,,,,
CONTINU,CONTINUE,CONTINUS,CONTINUES,,
CONTINUER,,,,,
CONTOUR,CONTOURS,,,,
CONTRAIRE,CONTRAIRES,,,,
CONTRAIREMENT,,,,,
CONTRAPOSÉE,CONTRAPOSÉES,,,,
CONTRE,,,,,
CONTRE-HAUT (EN),,,,,
CONTREBAS (EN),,,,,
CONTRÔLE,CONTRÔLES,,,,
CONVENIR,,,,,
CONVERSATION,,,,,
CONVERSION,CONVERSIONS,,,,
CONVERTIR,,,,,
COORDONNÉE,COORDONNÉES,,,,
CORDE,CORDES,,,,
CORDE,CORDE,,,,
CORPS,CORPS,,,,
CORRECT,CORRECTE,CORRECTS,CORRECTES,,
CORRESPONDANCE,CORRESPONDANCES,,,,
CORRESPONDANT,CORRESPONDANTE,CORRESPONDANTS,CORRESPONDANTES,,
CORRESPONDRE,,,,,
COSINUS,COSINUS,,,,
CÔTE,CÔTES,,,,
CÔTE,CÔTES,,,,
CÔTÉ,CÔTÉS,,,,
COU,COUS,,,,
COUCHE,COUCHES,,,,
COUCHÉ,COUCHÉE,COUCHÉS,COUCHÉES,,
COUCHER,,,,,
COUCHER,COUCHERS,,,,
COUCOU,COUCOUS,,,,
COULER,,,,,
COULEUR,COULEURS,,,,
COUP,COUPS,,,,
COUPER,,,,,
COUR,COURS,,,,
COURAGE,COURAGES,,,,
COURAMMENT,,,,,
COURANT,COURANTE,COURANTS,COURANTES,,
COURANT,COURANTE,COURANTS,COURANTES,,
COURANT,COURANTS,,,,
COURBE,COURBES,,,,
COURBER,,,,,
COURIR,,,,,
COURS,COURS,,,,
COURS,COURS,,,,
COURSE,COURSES,,,,
COURT,COURTE,COURTS,COURTES,,
COURT,COURTS,,,,
COÛT,COÛTS,,,,
COÛTER,,,,,
COUVRIR,,,,,
CRAINDRE,,,,,
CRAINTE,CRAINTES,,,,
CRAYON,CRAYONS,,,,
CRÉER,,,,,
CRÉPUSCULE,CRÉPUSCULES,,,,
CREUSER,,,,,
CRI,CRIS,,,,
CRIER,,,,,
CRISE,CRISES,,,,
CRITÈRE,CRITÈRES,,,,
CROCHET,CROCHETS,,,,
CROIRE,,,,,
CROISER,,,,,
CROÎTRE,,,,,
CROIX,CROIX,,,,
CRUEL,CRUELLE,CRUELS,CRUELLES,,
CRUELLEMENT,,,,,
CUBE,CUBES,,,,
CUISINE,CUISINES,,,,
CUMUL,CUMULS,,,,
CURIEUSEMENT,,,,,
CURIEUX,CURIEUSE,CURIEUX,CURIEUSES,,
CURIOSITÉ,CURIOSITÉS,,,,
CYLINDRE,CYLINDRES,,,,
DAME,DAMES,,,,
DANGER,DANGERS,,,,
DANGEREUSEMENT,,,,,
DANGEREUX,DANGEREUSE,DANGEREUX,DANGEREUSES,,
DANS,,,,,
DANSER,,,,,
DAVANTAGE,,,,,
DE,DU,DE LA,DES,,
DE,,,,,
DÉ,DÉS,,,,
DÉ,DÉS,,,,
DEBOUT,,,,,
DÉBUT,DÉBUTS,,,,
DÉCADE,DÉCADES,,,,
DÉCALITRE,DÉCALITRES,,,,
DÉCAMÈTRE,DÉCAMÈTRES,,,,
DÉCEMBRE,,,,,
DÉCENNAL,DÉCENNALES,DÉCENNAUX,DÉCENNALES,,
DÉCENNIE,DÉCENNIES,,,,
DÉCHIFFRER,,,,,
DÉCHIRER,,,,,
DÉCIDER,,,,,
DÉCILITRE,DÉCILITRES,,,,
DÉCIMAL,DÉCIMALE,DÉCIMAUX,DÉCIMALES,,
DÉCIMÈTRE,DÉCIMÈTRES,,,,
DÉCLARER,,,,,
DÉCOMPOSER,,,,,
DÉCOMPOSITION,DÉCOMPOSITIONS,,,,
DÉCOUPER,,,,,
DÉCOUVRIR,,,,,
DÉCRIRE,,,,,
DÉCRIRE,,,,,
DÉDUIRE,,,,,
DÉFAUT,DÉFAUTS,,,,
DÉFENDRE,,,,,
DÉFINI,DÉFINIE,DÉFINIS,DÉFINIES,,
DÉFINIR,,,,,
DÉFINITION,DÉFINITIONS,,,,
DÉGAGER,,,,,
DEGRÉ,DEGRÉS,,,,
DÉGRESSIF,DÉGRESSIVE,DÉGRESSIFS,DÉGRESSIVES,,
DEHORS,DEHORS,,,,
DÉJÀ,,,,,
DEMAIN,,,,,
DEMANDE,DEMANDES,,,,
DEMANDER,,,,,
DÉMARRER,,,,,
DEMEURER,,,,,
DEMI,DEMIE,DEMIS,DEMIES,,
DEMI-CERCLE,DEMI-CERCLES,,,,
DEMI-DROITE,DEMI-DROITES,,,,
DEMI-LITRE,DEMI-LITRES,,,,
DEMIE,DEMIES,,,,
DÉMONSTRATION,DÉMONSTRATIONS,,,,
DÉMONTRER,,,,,
DÉNOMINATEUR,DÉNOMINATEURS,,,,
DENT,DENTS,,,,
DÉPART,DÉPARTS,,,,
DÉPASSER,,,,,
DÉPENDRE,,,,,
DÉPENSE,DÉPENSES,,,,
DÉPENSER,,,,,
DÉPLACEMENT,DÉPLACEMENTS,,,,
DÉPLACER,,,,,
DÉPOSER,,,,,
DEPUIS,,,,,
DÉPUTÉ,DÉPUTÉS,,,,
DERNIER,DERNIÈRE,DERNIERS,DERNIÈRES,,
DERNIÈREMENT,,,,,
DERRIÈRE,DERRIÈRES,,,,
DES,,,,,
DÈS,,,,,
DESCENDRE,,,,,
DÉSERT,DÉSERTE,DÉSERTS,DÉSERTES,,
DÉSESPOIR,DÉSESPOIRS,,,,
DÉSIGNER,,,,,
DÉSIGNER,,,,,
DÉSIR,DÉSIRS,,,,
DÉSIRER,,,,,
DÉSORMAIS,,,,,
DESSIN,DESSINS,,,,
DESSINER,,,,,
DESSOUS,DESSOUS,,,,
DESSUS,DESSUS,,,,
DÉTACHER,,,,,
DÉTACHER,,,,,
DÉTAIL,DÉTAILS,,,,
DÉTECTER,,,,,
DÉTERMINATION,DÉTERMINATIONS,,,,
DÉTERMINER,,,,,
DÉTOURNER,,,,,
DÉTRUIRE,,,,,
DEUX,,,,,
DEUXIÈME,DEUXIÈMES,,,,
DEVANT,,,,,
DÉVELOPPEMENT,DÉVELOPPEMENTS,,,,
DÉVELOPPER,,,,,
DEVENIR,,,,,
DEVINER,,,,,
DEVOIR,DEVOIRS,,,,
DIA,,,,,
DIAGONAL,DIAGONALE,DIAGONAUX,DIAGONALES,,
DIAGRAMME,DIAGRAMMES,,,,
DIALOGUE,DIALOGUES,,,,
DIAMÈTRE,DIAMÈTRES,,,,
DIÈSE,,,,,
DIEU,DIEUX,,,,
DIFFÉRENCE,DIFFÉRENCES,,,,
DIFFÉRENCIER,,,,,
DIFFÉRENT,DIFFÉRENTE,DIFFÉRENTS,DIFFÉRENTES,,
DIFFICILE,DIFFICILES,,,,
DIFFICILEMENT,,,,,
DIFFICULTÉ,DIFFICULTÉS,,,,
DIGNE,DIGNES,,,,
DIMANCHE,DIMANCHES,,,,
DIMENSION,DIMENSIONS,,,,
DIMINUTION,DIMINUTIONS,,,,
DIRE,,,,,
DIRECTEMENT,,,,,
DIRECTION,DIRECTIONS,,,,
DIRIGER,,,,,
DISCIPLINE,DISCIPLINES,,,,
DISCOURS,DISCOURS,,,,
DISCUSSION,DISCUSSIONS,,,,
DISCUTER,,,,,
DISPARAÎTRE,,,,,
DISPOSER,,,,,
DISQUE,DISQUES,,,,
DISTANCE,DISTANCES,,,,
DISTINCT,DISTINCTE,DISTINCTS,DISTINCTES,,
DISTINCTEMENT,,,,,
DISTINGUER,,,,,
DISTRIBUER,,,,,
DISTRIBUTIVITÉ,DISTRIBUTIVITÉS,,,,
DIVERS,DIVERSE,DIVERS,DIVERSES,,
DIVIDENDE,DIVIDENDES,,,,
DIVISER,,,,,
DIVISEUR,DIVISEURS,,,,
DIVISIBILITÉ,DIVISIBILITÉS,,,,
DIVISIBLE,DIVISIBLES,,,,
DIVISION,DIVISIONS,,,,
DIX,,,,,
DIX-MILLIÈME,DIX-MILLIÈMES,,,,
DIXIÈME,DIXIÈMES,,,,
DIZAINE,DIZAINES,,,,
DOCTEUR,DOCTORESSE,DOCTEURS,DOCTORESSES,DOCTEURE,DOCTEURES
DOIGT,DOIGTS,,,,
DOMAINE,DOMAINES,,,,
DOMINER,,,,,
DONC,,,,,
DONNÉ,DONNÉE,DONNÉS,DONNÉES,,
DONNER,,,,,
DONT,,,,,
DORMIR,,,,,
DOS,DOS,,,,
DOUBLE,DOUBLE,DOUBLES,DOUBLES,,
DOUBLEMENT,,,,,
DOUCEMENT,,,,,
DOUCEUR,DOUCEURS,,,,
DOULEUR,DOULEURS,,,,
DOUTE,DOUTES,,,,
DOUTER,,,,,
DOUX,DOUCE,DOUX,DOUCES,,
DOUZE,,,,,
DRAME,DRAMES,,,,
DRAPEAU,DRAPEAUX,,,,
DRESSER,,,,,
DROIT,DROITE,DROITS,DROITES,,
DROIT,DROITS,,,,
DROITE,DROITES,,,,
DRÔLE,DRÔLE,DRÔLES,DRÔLES,,
DRÔLEMENT,,,,,
DU,,,,,
DUR,DURE,DURS,DURES,,
DURANT,,,,,
DURÉE,DURÉES ,,,,
DUREMENT,,,,,
DURER,,,,,
EAU,EAUX,,,,
ÉCART,ÉCARTS,,,,
ÉCARTEMENT,ÉCARTEMENTS,,,,
ÉCARTER,,,,,
ÉCHAPPER,,,,,
ÉCHELLE,ÉCHELLES,,,,
ÉCLAIRER,,,,,
ÉCLAT,ÉCLATS,,,,
ÉCLATER,,,,,
ÉCOLE,ÉCOLES,,,,
ÉCOUTER,,,,,
ÉCRAN,ÉCRANS,,,,
ÉCRASER,,,,,
ÉCRIRE,,,,,
ÉCRIT,ÉCRITE,ÉCRITS,ÉCRITES,,
ÉCRITURE,ÉCRITURES,,,,
EFFACER,,,,,
EFFECTIF,EFFECTIVE,EFFECTIFS,EFFECTIVES,,
EFFECTUER,,,,,
EFFET,EFFETS,,,,
EFFORT,EFFORTS,,,,
ÉGAL,ÉGALE,ÉGAUX,ÉGALES,,
ÉGALEMENT,,,,,
ÉGALER,,,,,
ÉGALITÉ,ÉGALITÉS,,,,
ÉLECTRICITÉ,ÉLECTRICITÉS,,,,
ÉLÉMENT,ÉLÉMENTS,,,,
ÉLÈVE,ÉLÈVE,ÉLÈVES,ÉLÈVES,,
ÉLEVÉ,ÉLEVÉE,ÉLEVÉS,ÉLEVÉES,,
ÉLEVER,,,,,
ÉLOIGNER,,,,,
EMBRASSER,,,,,
EMMENER,,,,,
ÉMOTION,ÉMOTIONS,,,,
EMPARER (S'),,,,,
EMPÊCHER,,,,,
EMPIRE,EMPIRES,,,,
EMPLOYER,,,,,
EMPORTER,,,,,
EN,,,,,
EN-DESSOUS,,,,,
ENCADREMENT,ENCADREMENTS,,,,
ENCADRER,,,,,
ENCHAÎNER,,,,,
ENCOCHE,ENCOCHES,,,,
ENCORE,,,,,
ENDORMIR,,,,,
ENDROIT,ENDROITS,,,,
ÉNERGIE,ÉNERGIES,,,,
ENFANCE,ENFANCES,,,,
ENFANT,ENFANTS,,,,
ENFERMER,,,,,
ENFIN,,,,,
ENFONCER,,,,,
ENGAGER,,,,,
ENGENDRER,,,,,
ENLEVER,,,,,
ENNEMI,ENNEMIE,ENNEMIS,ENNEMIES,,
ÉNONCÉ,ÉNONCÉS,,,,
ÉNONCER,,,,,
ÉNORME,ÉNORMES,,,,
ENSEMBLE,ENSEMBLES,,,,
ENSUITE,,,,,
ENSUIVRE (S'),,,,,
ENTENDRE,,,,,
ENTIER,ENTIÈRE,ENTIERS,ENTIÈRES,,
ENTOURER,,,,,
ENTRAÎNER,,,,,
ENTRE,,,,,
ENTRÉE,ENTRÉES,,,,
ENTRER,,,,,
ENTRETENIR,,,,,
ENVELOPPER,,,,,
ENVERS,,,,,
ENVIE,ENVIES,,,,
ENVIRON,,,,,
ENVOYER,,,,,
ÉPAIS,ÉPAISSE,ÉPAIS,ÉPAISSES,,
ÉPAULE,ÉPAULES,,,,
ÉPOQUE,ÉPOQUES,,,,
ÉPREUVE,ÉPREUVE,,,,
ÉPROUVER,,,,,
ÉQUATION,ÉQUATIONS,,,,
ÉQUERRE,ÉQUERRES,,,,
ÉQUILATÉRAL,ÉQUILATÉRALE,ÉQUILATÉRAUX,ÉQUILATÉRALES,,
ÉQUIPROBABILITÉ,ÉQUIPROBABILITÉS,,,,
ERREUR,ERREURS,,,,
ERREUR,ERREURS,,,,
ÈS ,,,,,
ESCALIER,ESCALIERS,,,,
ESPACE,ESPACES,,,,
ESPAGNE,,,,,
ESPÈCE,ESPÈCES,,,,
ESPÉRER,,,,,
ESPERLUETTE,,,,,
ESPOIR,ESPOIRS,,,,
ESPRIT,ESPRITS,,,,
ESSAI,ESSAIS,,,,
ESSAYER,,,,,
ESSENTIEL,ESSENTIELLE,ESSENTIELS,ESSENTIELLES,,
ESSENTIELLEMENT,,,,,
ESSUYER,,,,,
EST,,,,,
ET,,,,,
ET CETERA,,,,,
ÉTABLIR,,,,,
ÉTAGE,ÉTAGES,,,,
ÉTALER,,,,,
ÉTANT DONNÉ,,,,,
ÉTAPE,ÉTAPES,,,,
ÉTAT,ÉTATS,,,,
ÉTÉ,ÉTÉS,,,,
ÉTEINDRE,,,,,
ÉTENDRE,,,,,
ÉTENDUE,ÉTENDUES,,,,
ÉTERNEL,ÉTERNELLE,ÉTERNELS,ÉTERNELLES,,
ÉTERNELLEMENT,,,,,
ÉTOILE,ÉTOILES,,,,
ÉTONNER,,,,,
ÉTOUFFER,,,,,
ÉTRANGER,ÉTRANGÈRE,ÉTRANGERS,ÉTRANGÈRES,,
ÊTRE,,,,,
ÉTROIT,ÉTROITE,ÉTROITS,ÉTROITES,,
ÉTROITEMENT,,,,,
ÉTUDE,ÉTUDES,,,,
ÉTUDIER,,,,,
EUCLIDIEN,EUCLIDIENNE,EUCLIDIENS,EUCLIDIENNES,,
EUH,,,,,
EURÊKA ,,,,,
EURO,EUROS,,,,
EUROPÉEN,EUROPÉENNE,EUROPÉENS,EUROPÉENNES,,
ÉVALUATION,ÉVALUATIONS,,,,
ÉVALUER,,,,,
ÉVÉNEMENT, ÉVÈNEMENTS,,,,
ÉVIDEMMENT,,,,,
ÉVITER,,,,,
ÉVOLUER,,,,,
ÉVOLUTION,ÉVOLUTIONS,,,,
EXACT,EXACTE,EXACTS,EXACTES,,
EXACTEMENT,,,,,
EXAMINER,,,,,
EXCEPTÉ,EXCEPTÉE,EXCEPTÉS,EXCEPTÉES,,
EXCEPTÉ,,,,,
EXCEPTION,EXCEPTIONS,,,,
EXÉCUTER,,,,,
EXEMPLE,EXEMPLES,,,,
EXERCICE,EXERCICES,,,,
EXIGER,,,,,
EXISTENCE,EXISTENCES,,,,
EXISTER,,,,,
EXPÉRIENCE,EXPÉRIENCES,,,,
EXPLICATION,EXPLICATIONS,,,,
EXPLICATION,EXPLICATIONS,,,,
EXPLIQUER,,,,,
EXPOSANT,EXPOSANTE,EXPOSANTS,EXPOSANTES,,
EXPOSER,,,,,
EXPRESSION,EXPRESSIONS,,,,
EXPRIMER,,,,,
EXTENSION,EXTENSIONS,,,,
EXTÉRIEUR,EXTÉRIEURE,EXTÉRIEURS,EXTÉRIEURES,,
EXTÉRIEUREMENT,,,,,
EXTRAORDINAIRE,EXTRAORDINAIRE,EXTRAORDINAIRES,EXTRAORDINAIRES,,
EXTRAORDINAIREMENT,,,,,
EXTRÊME,EXTRÊME,EXTRÊMES,EXTRÊMES,,
EXTRÉMITÉ,EXTRÉMITÉS,,,,
FABRICATION,FABRICATIONS,,,,
FACE,FACES,,,,
FACILE,FACILE,FACILES,FACILES,,
FACILEMENT,,,,,
FAÇON,FAÇONS,,,,
FACTEUR,FACTEURS,,,,
FACTORISATION,FACTORISATIONS,,,,
FACTORISER,,,,,
FAIBLE,FAIBLES,,,,
FAIBLEMENT,,,,,
FAIM,,,,,
FAIRE,,,,,
FAIT,FAITE,FAITS,FAITES,,
FAIT DIVERS,FAITS DIVERS,,,,
FALLOIR,,,,,
FAMILLE,FAMILLES,,,,
FATIGUE,FATIGUES,,,,
FATIGUER,,,,,
FAUTE,FAUTES,,,,
FAUTEUIL,FAUTEUILS,,,,
FAUX,FAUSSE,FAUX,FAUSSES,,
FAUX,FAUX,,,,
FAVEUR,FAVEURS,,,,
FEMME,FEMMES,,,,
FENÊTRE,FENÊTRES,,,,
FER,FERS,,,,
FERME,FERME,FERMES,FERMES,,
FERMÉ,FERMÉE,FERMÉS,FERMÉES,,
FERMER,,,,,
FÊTE,FÊTES,,,,
FEU,FEUX,,,,
FEUILLE,FEUILLES,,,,
FÉVRIER,,,,,
FI,,,,,
FICHTRE,,,,,
FIDÈLE,FIDÈLE,FIDÈLES,FIDÈLES,,
FIGURE,FIGURES,,,,
FIGURÉ,FIGURÉE,FIGURÉS,FIGURÉES,,
FIGURER,,,,,
FIGURER,,,,,
FIL,FILS,,,,
FILLE,FILLES,,,,
FILS,FILS,,,,
FIN,FINE,FINS,FINES,,
FIN,FINS,,,,
FINAL,FINALE,FINALS,FINALES,FINAUX,
FINALEMENT,,,,,
FINIR,,,,,
FIXE,FIXES,,,,
FIXEMENT,,,,,
FIXER,,,,,
FLAMME,FLAMMES,,,,
FLEUR,FLEURS,,,,
FLOC,,,,,
FLORÉAL,,,,,
FLOT,FLOTS,,,,
FOI,FOIS,,,,
FOIS,FOIS,,,,
FOISON (À),,,,,
FOLIE,FOLIES,,,,
FONCTION,FONCTIONS,,,,
FOND,FONDS,,,,
FONDER,,,,,
FORCE,FORCES,,,,
FORCÉMENT,,,,,
FORCER,,,,,
FORÊT,FORÊTS,,,,
FORME,FORMES,,,,
FORMÉ,FORMÉE,FORMÉS,FORMÉES,,
FORMER,,,,,
FORMULE,FORMULES,,,,
FORMULER,,,,,
FORT,FORTE,FORTS,FORTES,,
FORT,,,,,
FORTUNE,FORTUNES,,,,
FOU,FOLLE,FOUS,FOLLES,,
FOU,FOUS,,,,
FOU,FOUS,,,,
FOULE,FOULES,,,,
FRACTION,FRACTIONS,,,,
FRACTIONNAIRE,FRACTIONNAIRES,,,,
FRAÎCHEMENT,,,,,
FRAIS,FRAÎCHE,FRAIS,FRAÎCHES,,
FRAIS,FRAIS,,,,
FRANC,FRANCHE,FRANCS,FRANCHES,,
FRANC,FRANCS,,,,
FRANÇAIS,FRANÇAISE,FRANÇAIS,FRANÇAISES,,
FRANCE,,,,,
FRANCHIR,,,,,
FRAPPER,,,,,
FRÉQUEMMENT,,,,,
FRÉQUENCE,FRÉQUENCES,,,,
FRÉQUENT,FRÉQUENTE,FRÉQUENTS,FRÉQUENTES,,
FRÈRE,FRÈRES,,,,
FRIMAIRE,,,,,
FROID,FROIDE,FROIDS,FROIDES,,
FRONT,FRONTS,,,,
FRUCTIDOR,,,,,
FRUIT,FRUITS,,,,
FUIR,,,,,
FUMÉE,,,,,
FUMER,,,,,
FUSIL,FUSILS,,,,
GAGNER,,,,,
GARÇON,GARÇONS,,,,
GARDE,GARDES,,,,
GARDER,,,,,
GARE,,,,,
GAUCHE,GAUCHES,,,,
GÉNÉRAL,GÉNÉRALE,GÉNÉRAUX,GÉNÉRALES,,
GÉNÉRALEMENT,,,,,
GÉNÉRALISER,,,,,
GENOU,GENOUX,,,,
GENRE,GENRES,,,,
GENS,,,,,
GÉOMÉTRIE,GÉOMÉTRIES,,,,
GÉOMÉTRIQUE,GÉOMÉTRIQUE,GÉOMÉTRIQUES,GÉOMÉTRIQUES,,
GERMINAL,,,,,
GESTE,GESTES,,,,
GESTE,GESTES,,,,
GLACE,GLACES,,,,
GLACER,,,,,
GLISSER,,,,,
GLOIRE,GLOIRES,,,,
GOÛT,GOÛTS,,,,
GOUTTE,GOUTTES,,,,
GOUVERNEMENT,GOUVERNEMENTS,,,,
GRÂCE,,,,,
GRADUATION,GRADUATIONS,,,,
GRADUÉ,GRADUÉE,GRADUÉS,GRADUÉES,,
GRADUER,,,,,
GRAIN,GRAINS,,,,
GRAND,GRANDE,GRANDS,GRANDES,,
GRAND-CHOSE,,,,,
GRANDEUR,GRANDEURS,,,,
GRANDIR,,,,,
GRAPHIQUE,GRAPHIQUES,,,,
GRAPHIQUEMENT,,,,,
GRAVE,GRAVES,,,,
GRAVEMENT,,,,,
GRÉ,,,,,
GRÈCE,,,,,
GRILLER,,,,,
GRILLER,,,,,
GRIS,GRISE,GRIS,GRISES,,
GROS,GROSSE,GROS,GROSSES,,
GROUPE,GROUPES,,,,
GUÈRE,,,,,
GUERRE,GUERRES,,,,
GUIDER,,,,,
GUILLEMET,GUILLEMETS,,,,
HABILLER,,,,,
HABITANT,HABITANTS,,,,
HABITER,,,,,
HABITUDE,HABITUDES,,,,
HECTOLITRE,HECTOLITRES,,,,
HECTOMÈTRE,HECTOMÈTRES,,,,
HERBE,HERBES,,,,
HÉSITER,,,,,
HEURE,HEURES,,,,
HEUREUSEMENT,,,,,
HEUREUX,HEUREUSE,HEUREUX,HEUREUSES,,
HISTOGRAMME,HISTOGRAMMES,,,,
HISTOIRE,HISTOIRES,,,,
HIVER,HIVERS,,,,
HOMME,HOMMES,,,,
HONNEUR,HONNEURS,,,,
HORIZON,HORIZONS,,,,
HORIZONTAL,HORIZONTALE,HORIZONTAUX,HORIZONTALES,,
HORLOGE,HORLOGES,,,,
HÔTEL,HÔTELS,,,,
HUMAIN,HUMAINE,HUMAINS,HUMAINES,,
HUMAINEMENT,,,,,
HUMIDE,HUMIDE,HUMIDES,HUMIDES,,
HYPOTÉNUSE,HYPOTÉNUSES,,,,
HYPOTHÈSE,HYPOTHÈSES,,,,
ICI,,,,,
IDÉE,IDÉES,,,,
IDENTIFIER,,,,,
IDENTIQUE,IDENTIQUES,,,,
IGNORER,,,,,
IL,ELLE,ILS,ELLES,,
ÎLE,ÎLES,,,,
ILLIMITÉ,ILLIMITÉE,ILLIMITÉS,ILLIMITÉES,,
ILLISIBLE,ILLISIBLE,ILLISIBLES,ILLISIBLES,,
ILLUSION,ILLUSIONS,,,,
ILLUSTRATION,ILLUSTRATIONS,,,,
IMAGE,IMAGES,,,,
IMAGINER,,,,,
IMBRIQUER,,,,,
IMBRIQUER,,,,,
IMMÉDIATEMENT,,,,,
IMMÉDIATEMENT,,,,,
IMMENSE,IMMENSE,IMMENSES,IMMENSES,,
IMMEUBLE,IMMEUBLE,IMMEUBLES,IMMEUBLES,,
IMMOBILE,IMMOBILES,,,,
IMPORTANCE,IMPORTANCES,,,,
IMPORTANT,IMPORTANTE,IMPORTANTS,IMPORTANTES,,
IMPORTER,,,,,
IMPORTER,,,,,
IMPOSER,,,,,
IMPOSSIBLE,IMPOSSIBLES,,,,
IMPÔT,IMPÔTS,,,,
IMPRESSION,IMPRESSIONS,,,,
INCAPABLE,INCAPABLE,INCAPABLES,INCAPABLES,,
INCHANGÉ,INCHANGÉE,INCHANGÉS,INCHANGÉES,,
INCLURE,,,,,
INCONNU,INCONNUE,INCONNUS,INCONNUES,,
INCONVÉNIENT,INCONVÉNIENTS,,,,
INDÉPENDAMMENT,,,,,
INDÉPENDANT,INDÉPENDANTE,INDÉPENDANTS,INDÉPENDANTES,,
INDICATION,INDICATIONS,,,,
INDIQUER,,,,,
INÉGALITÉ,INÉGALITÉS,,,,
INÉVITABLE,INÉVITABLES,,,,
INFÉRIEUR,INFÉRIEURE,INFÉRIEURS,INFÉRIEURES,,
INFINI,INFINIE,INFINIS,INFINIES,,
INFINITÉ,INFINITÉS,,,,
INFORMATION,INFORMATIONS,,,,
INFORMATIQUE,INFORMATIQUE,INFORMATIQUES,INFORMATIQUES,,
INGRÉDIENT,INGRÉDIENTS,,,,
INITIAL,INITIALE,INITIAUX,INITIALES,,
INQUIÉTER,,,,,
INQUIÉTUDE,INQUIÉTUDES,,,,
INSCRIRE,,,,,
INSCRIT,INSCRITE,INSCRITS,INSCRITES,,
INSPIRER,,,,,
INSTALLER,,,,,
INSTANT,INSTANTS,,,,
INSTINCT,INSTINCTS,,,,
INSTRUCTION,INSTRUCTIONS,,,,
INSTRUMENT,INSTRUMENTS,,,,
INTELLIGENCE,INTELLIGENCES,,,,
INTENSITÉ,INTENSITÉS,,,,
INTENTION,INTENTIONS,,,,
INTERCALER,,,,,
INTÉRESSER,,,,,
INTÉRÊT,INTÉRÊTS,,,,
INTÉRIEUR,INTÉRIEURE,INTÉRIEURS,INTÉRIEURES,,
INTERJECTION,INTERJECTIONS,,,,
INTERMÉDIAIRE,INTERMÉDIAIRES,,,,
INTERNE,INTERNE,INTERNES,INTERNES,,
INTERPRÉTER,,,,,
INTERROGER,,,,,
INTERROMPRE,,,,,
INTERSECTION,INTERSECTIONS,,,,
INTERVALLE,INTERVALLES,,,,
INTITULER,,,,,
INTRODUCTION,INTRODUCTIONS,,,,
INUTILE,INUTILE,INUTILES,INUTILES,,
INUTILEMENT,,,,,
INVARIABLE,INVARIABLE,INVARIABLES,INVARIABLES,,
INVARIABLEMENT,,,,,
INVENTER,,,,,
INVERSE,INVERSES,,,,
INVERSER,,,,,
INVITER,,,,,
IRRÉDUCTIBLE,IRRÉDUCTIBLES,,,,
ISOCÈLE,ISOCÈLES,,,,
ISOLÉ,ISOLÉE,ISOLÉS,ISOLÉES,,
ISOLÉMENT,,,,,
ISSU,ISSUE,ISSUS,ISSUES,,
ISSUE,ISSUES,,,,
ITALIE,,,,,
JAMAIS,,,,,
JAMBE,JAMBES,,,,
JANVIER,,,,,
JARDIN,JARDINS,,,,
JE,,,,,
JET,JETS,,,,
JET,JETS,,,,
JETER,,,,,
JEU,JEUX,,,,
JEUDI,JEUDIS,,,,
JEUNE,JEUNES,,,,
JEUNESSE,JEUNESSES,,,,
JOIE,JOIES,,,,
JOINDRE,,,,,
JOLI,JOLIE,JOLIS,JOLIES,,
JOUE,JOUES,,,,
JOUER,,,,,
JOUET,JOUETS,,,,
JOUR,JOURS,,,,
JOURNAL,JOURNAUX,,,,
JOURNÉE,JOURNÉES,,,,
JUGE,JUGES,,,,
JUGER,,,,,
JUGÉ,JUGÉS,,,,
JUIF,JUIVE,JUIFS,JUIVES,,
JUILLET,,,,,
JUIN,,,,,
JUSQUE,,,,,
JUSQUE,,,,,
JUSTE,JUSTES,,,,
JUSTICE,JUSTICES,,,,
JUSTIFIER,,,,,
KILOMÈTRE,KILOMÈTRES,,,,
LÀ,,,,,
LAMPE,LAMPES,,,,
LANGAGE,LANGAGES,,,,
LANGUETTE,LANGUETTES,,,,
LARGE,LARGES,,,,
LARGEUR,LARGEURS,,,,
LARME,LARMES,,,,
LATÉRAL,LATÉRALE,LATÉRAUX,LATÉRALES,,
LE,LA,,", LES",,
LEÇON,LEÇONS,,,,
LÉGER,LÉGÈRE,LÉGERS,LÉGÈRES,,
LÉGÈREMENT,,,,,
LENDEMAIN,LENDEMAINS,,,,
LENT,LENTE,LENTS,LENTES,,
LENTEMENT,,,,,
LEQUEL,LAQUELLE,LESQUELS,LESQUELLES,,
LETTRE,LETTRES,,,,
LEUR,LEURS,,,,
LEVER,,,,,
LÈVRE,LÈVRES,,,,
LEZ,,,,,
LIBERTÉ,LIBERTÉS,,,,
LIBRE,LIBRES,,,,
LIBREMENT,,,,,
LIEN,LIENS,,,,
LIER,,,,,
LIEU,LIEUX,,,,
LIGNE,LIGNES,,,,
LIMITE,LIMITES,,,,
LIMITER,,,,,
LIQUIDE,LIQUIDES,,,,
LIRE,,,,,
LISIBLE,LISIBLE,LISIBLES,LISIBLES,,
LISIBLEMENT,,,,,
LISSER,,,,,
LISTE,LISTES,,,,
LIT,LITS,,,,
LITRE,LITRES,,,,
LITTÉRAL,LITTÉRALE,LITTÉRAUX,LITTÉRALES,,
LITTÉRALEMENT,,,,,
LIVRE,LIVRES,,,,
LIVRE,LIVRES,,,,
LIVRER,,,,,
LOCALISER,,,,,
LOGEMENT,LOGEMENTS,,,,
LOI,LOIS,,,,
LOIN,,,,,
LOISIR,LOISIRS,,,,
LONG,LONGUE,LONGS,LONGUES,,
LONGTEMPS,,,,,
LONGUEUR,LONGUEURS,,,,
LORS,,,,,
LORSQUE,,,,,
LOSANGE,LOSANGES,,,,
LOUP,LOUPS,,,,
LOURD,LOURDE,LOURDS,LOURDES,,
LOURDEMENT,,,,,
LUEUR,LUEURS,,,,
LUI,EUX,,,,
LUMIÈRE,LUMIÈRES,,,,
LUNDI,LUNDIS,,,,
LUNE,LUNES,,,,
LUTTE,LUTTES,,,,
LUTTER,,,,,
LYCÉE,LYCÉES,,,,
MACHINE,MACHINES,,,,
MADAME,MESDAMES,,,,
MAGNIFIQUE,MAGNIFIQUE,MAGNIFIQUES,MAGNIFIQUES,,
MAGNIFIQUEMENT,,,,,
MAI,,,,,
MAIN,MAINS,,,,
MAINTENANT,,,,,
MAINTENIR,,,,,
MAIS,,,,,
MAISON,MAISONS,,,,
MAÎTRE,MAÎTRESSE,MAÎTRES,MAÎTRESSES,,
MAL,,,,,
MALADE,MALADE,MALADES,MALADES,,
MALADIE,MALADIES,,,,
MALGRÉ,,,,,
MALHEUR,MALHEURS,,,,
MANCHE,MANCHES,,,,
MANCHE,MANCHES,,,,
MANCHE,,,,,
MANGER,,,,,
MANIER,,,,,
MANIÈRE,MANIÈRES,,,,
MANQUER,,,,,
MAQUETTE,MAQUETTES,,,,
MARCHAND,MARCHANDE,MARCHANDS,MARCHANDES,,
MARCHE,MARCHES,,,,
MARCHÉ,MARCHÉS,,,,
MARCHER,,,,,
MARDI,MARDIS,,,,
MARI,MARIS,,,,
MARIAGE,MARIAGES,,,,
MARIER,,,,,
MARQUE,MARQUES,,,,
MARQUER,,,,,
MARS,,,,,
MASSE,MASSES,,,,
MASSE,MASSES,,,,
MATCH,MATCHS,MATCHES,,,
MATÉRIEL,MATÉRIELS,,,,
MATHÉMATIQUES,,,,,
MATIÈRE,MATIÈRES,,,,
MATIN,MATINS,,,,
MAUVAIS,MAUVAISE,MAUVAIS,MAUVAISES,,
MAXIMAL,MAXIMALE,MAXIMAUX,MAXIMALES,,
ME,,,,,
MÉDECIN,MÉDECINS,,,,
MÉDIAN,MÉDIANE,MÉDIANS,MÉDIANES,,
MÉDIATRICE,MÉDIATRICES,,,,
MEILLEUR,MEILLEURE,MEILLEURS,MEILLEURES,,
MÊLER,,,,,
MEMBRE,MEMBRES,,,,
MÊME,,,,,
MÉMOIRE,MÉMOIRES,,,,
MENACER,,,,,
MENER,,,,,
MENSONGE,MENSONGES,,,,
MENTAL,MENTALE,MENTAUX,MENTALES,,
MENTIR,,,,,
MENU,MENUE,MENUS,MENUES,,
MENU,MENUS,,,,
MER,MERS,,,,
MERCI,MERCIS,,,,
MERCREDI,MERCREDIS,,,,
MERDE,MERDES,,,,
MÉRITER,,,,,
MESSIDOR,,,,,
MESURE,MESURES,,,,
MESURER,,,,,
MÉTHODE,MÉTHODES,,,,
MÉTIER,MÉTIERS,,,,
MÈTRE,MÈTRES,,,,
MÉTRONOME,MÉTRONOMES,,,,
METTRE,,,,,
MI-CHEMIN (À),,,,,
MIDI,MIDIS,,,,
MIEN,MIENNE,MIENS,MIENNES,,
MIEUX,,,,,
MILIEU,MILIEUX,,,,
MILITAIRE,MILITAIRE,MILITAIRES,MILITAIRES,,
MILITAIREMENT,,,,,
MILLE,,,,,
MILLÉNAIRE,MILLÉNAIRES,,,,
MILLIARD,MILLIARDS,,,,
MILLIÈME,MILLIÈMES,,,,
MILLIER,MILLIERS,,,,
MILLILITRE,MILLILITRES,,,,
MILLIMÈTRE,MILLIMÈTRES,,,,
MILLION,MILLIONS,,,,
MINCE,,,,,
MINE,MINES,,,,
MINE,MINES,,,,
MINE,MINES,,,,
MINE,MINES,,,,
MINIMAL,MINIMALE,MINIMAUX,MINIMALES,,
MINISTRE,MINISTRES,,,,
MINUIT,MINUITS,,,,
MINUTE,MINUTES,,,,
MISE,MISES,,,,
MISER,,,,,
MODE,MODES,,,,
MODE,MODES,,,,
MODÉLISER,,,,,
MODIFIER,,,,,
MOI,,,,,
MOINDRE,MOINDRES,,,,
MOINS,MOINS,,,,
MOIS,MOIS,,,,
MOITIÉ,MOITIÉS,,,,
MOMENT,MOMENTS,,,,
MON,MA,MES,MES,,
MONDE,MONDES,,,,
MONSIEUR,MESSIEURS,,,,
MONTAGNE,MONTAGNES,,,,
MONTANT,MONTANTE,MONTANTS,MONTANTES,,
MONTER,,,,,
MONTRE,MONTRES,,,,
MONTRER,,,,,
MORCEAU,MORCEAUX,,,,
MORT,MORTE,MORTS,MORTES,,
MOT,MOTS,,,,
MOTUS,,,,,
MOURIR,,,,,
MOUVEMENT,MOUVEMENTS,,,,
MOYEN,MOYENNE,MOYENS,MOYENNES,,
MOYEN,MOYENS,,,,
MOYENNANT,,,,,
MOYENNE,MOYENNES,,,,
MUET,MUETTE,MUETS,MUETTES,,
MULTIPLE,MULTIPLES,,,,
MULTIPLICATEUR,MULTIPLICATRICE,MULTIPLICATEURS,MULTIPLICATRICES,,
MULTIPLICATION,MULTIPLICATIONS,,,,
MULTIPLIER,,,,,
MUR,MURS,,,,
MUSIQUE,MUSIQUES,,,,
NAISSANCE,NAISSANCES,,,,
NAÎTRE,,,,,
nano-,,,,,
NATION,NATIONS,,,,
NATURE,NATURES,,,,
NATUREL,NATURELLE,NATURELS,NATURELLES,,
NATURELLEMENT,,,,,
NE,,,,,
NÉCESSAIRE,NÉCESSAIRES,,,,
NÉCESSAIREMENT,,,,,
NÉGATIF,NÉGATIVE,NÉGATIFS,NÉGATIVES,,
NÉGATIVEMENT,,,,,
NERVEUSEMENT,,,,,
NERVEUX,NERVEUSE,NERVEUX,NERVEUSES,,
NEUF,NEUVE,NEUFS,NEUVES,,
NEUF,,,,,
NEUTRALISER,,,,,
NEZ,NEZ,,,,
NI,,,,,
NIVEAU,NIVEAUX,,,,
NIVÔSE,,,,,
NOIR,NOIRE,NOIRS,NOIRES,,
NOM,NOMS,,,,
NOMBRE,NOMBRES,,,,
NOMBREUX,NOMBREUSE,NOMBREUX,NOMBREUSES,,
NOMMER,,,,,
NON,,,,,
NONOBSTANT,,,,,
NORD,,,,,
NOTATION,NOTATIONS,,,,
NOTE,NOTES,,,,
NOTER,,,,,
NOTION,NOTIONS,,,,
NOTRE,NOS,,,,
NÔTRE,NÔTRES,,,,
NOURRIR,,,,,
NOURRITURE,NOURRITURES,,,,
NOUS,,,,,
NOUVEAU,NOUVELLE,NOUVEAUX,NOUVELLES,,
NOVEMBRE,,,,,
NOYER,,,,,
NOYER,NOYER,,,,
NU,NUE,NUS,NUES,,
NU,,,,,
NUAGE,NUAGES,,,,
NUIT,NUITS,,,,
NUITÉE,NUITÉES,,,,
NUL,NULLE,NULS,NULLES,,
NULLEMENT,,,,,
NUMÉRATEUR,NUMÉRATEURS,,,,
NUMÉRIQUE,NUMÉRIQUES,,,,
NUMÉRIQUEMENT,,,,,
NUMÉROTER,,,,,
OBÉIR,,,,,
OBJET,OBJETS,,,,
OBLIGER,,,,,
OBSERVER,,,,,
OBTENIR,,,,,
OBTUS,OBTUSE,OBTUS,OBTUSES,,
OCCASION,OCCASIONS,,,,
OCCUPER,,,,,
OCTOBRE,,,,,
ODEUR,ODEURS,,,,
ŒIL,YEUX,,,,
ŒUVRE,ŒUVRES,,,,
OFFICIER,OFFICIÈRE,OFFICIERS,OFFICIÈRES,,
OFFICIER,,,,,
OFFRIR,,,,,
OH,,,,,
OHÉ,,,,,
OHM,OHMS,,,,
OISEAU,OISEAUX,,,,
OK,,,,,
OLÉ,,,,,
OMBRE,OMBRES,,,,
OMBRE,OMBRES,,,,
ON,,,,,
ONCLE,ONCLES,,,,
OPÉRANDE,OPÉRANDES,,,,
OPÉRATION,OPÉRATIONS,,,,
OPÉRATOIRE,OPÉRATOIRES,,,,
OPPOSÉ,OPPOSÉE,OPPOSÉS,OPPOSÉES,,
OPPOSER,,,,,
OR,,,,,
ORDINATEUR,ORDINATEURS,,,,
ORDONNÉ,ORDONNÉE,ORDONNÉS,ORDONNÉES,,
ORDONNER,,,,,
ORDRE,ORDRES,,,,
OREILLE,OREILLES,,,,
ORIGINE,ORIGINES,,,,
ORTHOCENTRE,ORTHOCENTRES,,,,
ORTHOGONAL,ORTHOGONALE,ORTHOGONAUX,ORTHOGONALES,,
OSER,,,,,
OU,,,,,
OÙ,,,,,
OUBLIER,,,,,
OUF,,,,,
OUI,,,,,
OUST,,,,,
OUTIL,OUTILS,,,,
OUTRE,,,,,
OUVERT,OUVERTE,OUVERTS,OUVERTES,,
OUVERTEMENT,,,,,
OUVRAGE,OUVRAGES,,,,
OUVRIR,,,,,
OVALE,OVALES,,,,
PAGE,PAGES,,,,
PAGE,PAGES,,,,
PAIN,PAINS,,,,
PAIR,PAIRE,PAIRS,PAIRES,,
PAIR,PAIRS,,,,
PAIR,PAIRS,,,,
PAIRE,PAIRES,,,,
PAIRE,PAIRES,,,,
PAIX,PAIX,,,,
PALAIS,PALAIS,,,,
PALAIS,PALAIS,,,,
PANIER,PANIERS,,,,
PAPA,PAPAS,,,,
PAPIER,PAPIERS,,,,
PAQUET,PAQUETS,,,,
PAR,,,,,
PAR-DELÀ,,,,,
PAR-DEVERS,,,,,
PARAGRAPHE,PARAGRAPHES,,,,
PARAÎTRE,,,,,
PARALLÈLE,PARALLÈLES,,,,
PARALLÉLÉPIPÈDE,PARALLÉLÉPIPÈDES,,,,
PARALLÉLOGRAMME,PARALLÉLOGRAMMES,,,,
PARCE QUE,,,,,
PARCOURIR,,,,,
PAREIL,PAREILLE,PAREILS,PAREILLES,,
PARENT,PARENTE,PARENTS,PARENTES,,
PARENTHÈSE,PARENTHÈSES,,,,
PARER,,,,,
PARER,,,,,
PARFAIRE,,,,,
PARFAIT,PARFAITE,PARFAITS,PARFAITES,,
PARFAITEMENT,,,,,
PARFOIS,,,,,
PARLEMENT,PARLEMENTS,,,,
PARLER,PARLER,,,,
PARMI,,,,,
PAROLE,PAROLES,,,,
PART,PARTS,,,,
PARTAGE,PARTAGES,,,,
PARTAGER,,,,,
PARTI,PARTIS,,,,
PARTICIPANT,PARTICIPANTE,PARTICIPANTS,PARTICIPANTES,,
PARTICIPER,,,,,
PARTICULARITÉ,PARTICULARITÉS,,,,
PARTICULIER,PARTICULIÈRE,PARTICULIERS,PARTICULIÈRES,,
PARTICULIÈREMENT,,,,,
PARTIE,PARTIES,,,,
PARTIEL,PARTIELLE,PARTIELS,PARTIELLES,,
PARTIR,,,,,
PARTOUT,,,,,
PARVENIR,,,,,
PAS,,,,,
PASSAGE,PASSAGES,,,,
PASSANT,PASSANTE,PASSANTS,PASSANTES,,
PASSÉ,PASSÉE,PASSÉS,PASSÉES,,
PASSÉ,,,,,
PASSER,,,,,
PASSION,PASSIONS,,,,
PATATRAS,,,,,
PATRON,PATRONNE,PATRONS,PATRONNES,,
PATRON,PATRONS,,,,
PAUPIÈRE,PAUPIÈRES,,,,
PAUVRE,PAUVRES,,,,
PAVÉ,PAVÉS,,,,
PAVER,,,,,
PAYER,,,,,
PAYS,PAYS,,,,
PAYS-BAS,,,,,
PAYSAN,PAYSANNE,PAYSANS,PAYSANNES,,
PEAU,PEAUX,,,,
PEINDRE,,,,,
PEINE,PEINES,,,,
PEINTURE,PEINTURES,,,,
PENCHER,,,,,
PENDANT,,,,,
PENDRE,,,,,
PENDULE,PENDULES,,,,
PENDULE,PENDULES,,,,
PÉNÉTRER,,,,,
PENSÉE,PENSÉES,,,,
PERDRE,,,,,
PERDU,PERDUE,PERDUS,PERDUES,,
PÈRE,PÈRES,,,,
PÉRIMÈTRE,PÉRIMÈTRES,,,,
PERMETTRE,,,,,
PERPENDICULAIRE,PERPENDICULAIRES,,,,
PERSONNAGE,PERSONNAGES,,,,
PERSONNE,,,,,
PERSONNE,PERSONNES,,,,
PERSPECTIVE,PERSPECTIVES,,,,
PERTE,PERTES,,,,
PESER,,,,,
PETIT,PETITE,PETITS,PETITES,,
PEU,,,,,
PEUPLE,PEUPLES,,,,
PEUR,PEURS,,,,
PEUT-ÊTRE,,,,,
PHRASE,PHRASES,,,,
PHYSICIEN,PHYSICIENNE,PHYSICIENS,PHYSICIENNES,,
PHYSIQUE,PHYSIQUE,PHYSIQUES,PHYSIQUES,,
PHYSIQUE,PHYSIQUES,,,,
PHYSIQUEMENT,,,,,
PI,,,,,
PIÈCE,PIÈCES,,,,
PIED,PIEDS,,,,
PIERRE,PIERRES,,,,
PIQUER,,,,,
PITIÉ,PITIÉS,,,,
PLACE,PLACES,,,,
PLACER,,,,,
PLAGE,PLAGES,,,,
PLAINDRE,,,,,
PLAINE,PLAINES,,,,
PLAIRE,,,,,
PLAISIR,PLAISIRS,,,,
PLAN,PLANE,PLANS,PLANES,,
PLAN,PLANS,,,,
PLAN,PLANS,,,,
PLANCHE,PLANCHES,,,,
PLANTE,PLANTES,,,,
PLAT,PLATE,PLATS,PLATES,,
PLEIN,PLEINE,PLEINS,PLEINES,,
PLEINEMENT,,,,,
PLEURER,,,,,
PLIAGE,PLIAGES,,,,
PLIER,,,,,
PLONGER,,,,,
PLUIE,PLUIES,,,,
PLURIEL,PLURIELLE,PLURIELS,PLURIELLES,,
PLUS,,,,,
PLUSIEURS,,,,,
PLUTÔT,,,,,
PLUVIÔSE,,,,,
POCHE,POCHES,,,,
POÉSIE,POÉSIES,,,,
POÈTE,POÈTESSE,POÈTES,POÈTESSES,,
POIDS,OIDS,,,,
POINT,,,,,
POINT,POINTS,,,,
POINT-VIRGULE,POINT-VIRGULES,,,,
POINTE,POINTES,,,,
POINTE,POINTES,,,,
POINTILLÉ,POINTILLÉS,,,,
POITRINE,POITRINES,,,,
POLICE,POLICES,,,,
POLICE,POLICES,,,,
POLITIQUE,POLITIQUES,,,,
POLITIQUEMENT,,,,,
POLOGNE,,,,,
POLYÈDRE,POLYÈDRES,,,,
POLYGONE,POLYGONES,,,,
PONDÉRATION,PONDÉRATIONS,,,,
PONDÉRÉ,PONDÉRÉE,PONDÉRÉS,PONDÉRÉES,,
PONDÉRER,,,,,
PONT,PONTS,,,,
PORT,PORTS,,,,
PORTE,PORTES,,,,
PORTER,,,,,
PORTIER,PORTIERS,,,,
PORTIÈRE,PORTIÈRES,,,,
PORTION,PORTIONS,,,,
PORTUGAL,,,,,
POSER,,,,,
POSITIF,POSITIVE,POSITIFS,POSITIVES,,
POSITION,POSITIONS,,,,
POSSÉDER,,,,,
POSSIBILITÉ,POSSIBILITÉS,,,,
POSSIBLE,POSSIBLE,POSSIBLES,POSSIBLES,,
POSTE,POSTES,,,,
POSTE,POSTES,,,,
POT,POTS,,,,
POUR,,,,,
POURCENTAGE,POURCENTAGES,,,,
POURQUOI,POURQUOIS,,,,
POURSUIVRE,,,,,
POURTANT,,,,,
POURVU QUE,,,,,
POUSSER,,,,,
POUSSIÈRE,POUSSIÈRES,,,,
POUVOIR,,,,,
PRAIRIAL,,,,,
PRATIQUE,PRATIQUES,,,,
PRATIQUEMENT,,,,,
PRATIQUER,,,,,
PRÉALABLE,PRÉALABLE,PRÉALABLES,PRÉALABLES,,
PRÉALABLEMENT,,,,,
PRÉCÉDEMMENT,,,,,
PRÉCÉDENT,PRÉCÉDENTE,PRÉCÉDENTS,PRÉCÉDENTES,,
PRÉCÉDER,,,,,
PRÉCIEUSEMENT,,,,,
PRÉCIEUX,PRÉCIEUSE,PRÉCIEUX,PRÉCIEUSES,,
PRÉCIPITER,,,,,
PRÉCIS,PRÉCISE,PRÉCIS,PRÉCISES,,
PRÉCISÉMENT,,,,,
PRÉFÉRABLE,PRÉFÉRABLE,PRÉFÉRABLES,PRÉFÉRABLES,,
PRÉFÉRER,,,,,
PRÉFIXE,PRÉFIXES,,,,
PRÉLIMINAIRE,PRÉLIMINAIRES,,,,
PREMIER,PREMIÈRE,PREMIERS,PREMIÈRES,,
PRENDRE,,,,,
PRÉPARER,,,,,
PRÉPOSITION,PRÉPOSITIONS,,,,
PRÈS,,,,,
PRÉSENCE,PRÉSENCES,,,,
PRÉSENT,PRÉSENTE,PRÉSENTS,PRÉSENTES,,
PRÉSENT,PRÉSENTE,PRÉSENTS,PRÉSENTES,,
PRÉSENTATION,PRÉSENTATIONS,,,,
PRÉSENTER,,,,,
PRÉSIDENT,PRÉSIDENTE,PRÉSIDENTS,PRÉSIDENTES,,
PRESQUE,,,,,
PRESSER,,,,,
PRÊT,PRÊTE,PRÊTS,PRÊTES,,
PRÊT,PRÊTS,,,,
PRÉTENDRE,,,,,
PRÊTER,,,,,
PREUVE,PREUVES,,,,
PRÉVENIR,,,,,
PRÉVOIR,,,,,
PRIER,,,,,
PRIÈRE,PRIÈRES,,,,
PRINCE,PRINCESSE,PRINCES,PRINCESSES,,
PRINCIPAL,PRINCIPALE,PRINCIPAUX,PRINCIPALES,,
PRINCIPALEMENT,,,,,
PRINCIPE,PRINCIPES,,,,
PRINTEMPS,PRINTEMPS,,,,
PRIORITÉ,PRIORITÉS,,,,
PRISME,PRISMES,,,,
PRISON,PRISONS,,,,
PRIX,PRIX,,,,
PROBABILITÉ,PROBABILITÉS,,,,
PROBABLE,PROBABLE,PROBABLES,PROBABLES,,
PROBABLEMENT,,,,,
PROBLÈME,PROBLÈMES,,,,
PROCÉDER,,,,,
PROCÉDURE,PROCÉDURES,,,,
PROCHAIN,PROCHAINE,PROCHAINS,PROCHAINES,,
PROCHAINEMENT,,,,,
PROCHE,PROCHES,,,,
PRODUIRE,,,,,
PRODUIT,PRODUITS,,,,
PROFESSEUR,PROFESSEURE,PROFESSEURS,PROFESSEURES,,
PROFITER,,,,,
PROFOND,PROFONDE,PROFONDS,PROFONDES,,
PROFONDÉMENT,,,,,
PROGRAMMATION,PROGRAMMATIONS,,,,
PROGRAMME,PROGRAMMES,,,,
PROJET,PROJETS,,,,
PROLONGEMENT,PROLONGEMENTS,,,,
PROMENER,,,,,
PROMETTRE,,,,,
PRONOM,PRONOMS,,,,
PRONONCER,,,,,
PRONONCIATION,PRONONCIATIONS,,,,
PROPORTION,PROPORTIONS,,,,
PROPORTIONNALITÉ,PROPORTIONNALITÉS,,,,
PROPORTIONNEL,PROPORTIONNELLE,PROPORTIONNELS,PROPORTIONNELLES,,
PROPOS,PROPOS,,,,
PROPOSER,,,,,
PROPRE,PROPRES,,,,
PROPREMENT,,,,,
PROPRIÉTÉ,PROPRIÉTÉS,,,,
PROTÉGER,,,,,
PROUVER,,,,,
PROVOQUER,,,,,
PUBLIC,PUBLIQUE,PUBLICS,PUBLIQUES,,
PUIS,,,,,
PUISQUE,,,,,
PUISSANCE,PUISSANCES,,,,
PUISSANT,PUISSANTE,PUISSANTS,PUISSANTES,,
PUR,PURE,PURS,PURES,,
PUREMENT,,,,,
PYRAMIDE,PYRAMIDES,,,,
Pythagore,,,,,
QUADRILATÈRE,QUADRILATÈRES,,,,
QUADRILLER,,,,,
QUALITÉ,QUALITÉS,,,,
QUAND,,,,,
QUANT À,,,,,
QUANTITÉ,QUANTITÉS,,,,
QUARANTE,,,,,
QUART,QUARTS,,,,
QUARTIER,QUARTIERS,,,,
QUARTIER,QUARTIER,,,,
QUATRE,,,,,
QUATRIÈME,QUATRIÈMES,,,,
QUE,,,,,
QUEL,QUELLE,QUELS,QUELLES,,
QUELCONQUE,QUELCONQUES,,,,
QUELQU'UN,,,,,
QUELQUE,QUELQUES,,,,
QUELQUE CHOSE,,,,,
QUELQUE PART,,,,,
QUELQUEFOIS,,,,,
QUELQUES-UNS,QUELQUES-UNES,,,,
QUESTION,QUESTIONS,,,,
QUEUE,QUEUES,,,,
QUI,,,,,
QUI VIVE,,,,,
QUICONQUE,,,,,
QUINZE,,,,,
QUITTER,,,,,
QUOI,,,,,
QUOIQUE,,,,,
QUOTIENT,QUOTIENTS,,,,
RACE,RACES,,,,
RACINE,RACINES,,,,
RACONTER,,,,,
RAGE,RAGES,,,,
RAISON,RAISONS,,,,
RAISONNEMENT,RAISONNEMENTS,,,,
RAISONNER,,,,,
RAMASSER,,,,,
RAMENER,,,,,
RANG,RANGS,,,,
RAPIDE,RAPIDE,RAPIDES,RAPIDES,,
RAPIDEMENT,,,,,
RAPPEL,RAPPELS,,,,
RAPPELER,,,,,
RAPPORT,RAPPORTS,,,,
RAPPORTER,,,,,
RAPPORTEUR,RAPPORTEURS,,,,
RARE,RARE,RARES,RARES,,
RAREMENT,,,,,
RASSURER,,,,,
RAYON,RAYONS,,,,
RÉALISER,,,,,
RÉALITÉ,RÉALITÉS,,,,
RECETTE,RECETTES,,,,
RECEVOIR,,,,,
RECHERCHE,RECHERCHES,,,,
RECHERCHÉ,RECHERCHÉE,RECHERCHÉS,RECHERCHÉES,,
RECHERCHER,,,,,
RÉCIPROQUE,RÉCIPROQUE,RÉCIPROQUES,RÉCIPROQUES,,
RÉCLAMER,,,,,
RECOMMANDER,,,,,
RECOMMENCER,,,,,
RECONNAISSANCE,RECONNAISSANCES,,,,
RECONNAÎTRE,,,,,
RÉCRIRE,,,,,
RECTANGLE,RECTANGLES,,,,
RECTANGULAIRE,RECTANGULAIRES,,,,
RECUEILLIR,,,,,
RECULER,,,,,
REDEVENIR,,,,,
RÉDIGER,,,,,
RÉDUCTION,RÉDUCTIONS,,,,
RÉDUIRE,,,,,
RÉDUIT,RÉDUITE,RÉDUITS,RÉDUITES,,
RÉEL,RÉELLE,RÉELS,RÉELLES,,
RÉELLEMENT,,,,,
RÉFÉRENCE,RÉFÉRENCES,,,,
RÉFLÉCHIR,,,,,
RÉFLEXION,RÉFLEXIONS,,,,
REFUSER,,,,,
REGARD,REGARDS,,,,
REGARDER,,,,,
RÈGLE,RÈGLES,,,,
REGRETTER,,,,,
REGROUPEMENT,REGROUPEMENTS,,,,
REGROUPER,,,,,
RÉGULIER,RÉGULIÈRE,RÉGULIERS,RÉGULIÈRES,,
REJETER,,,,,
REJOINDRE,,,,,
RELATIF,RELATIVE,RELATIFS,RELATIVES,,
RELATION,RELATIONS,,,,
RELATIVEMENT,,,,,
RELEVER,,,,,
RELIER,,,,,
RELIGION,RELIGIONS,,,,
REMARQUE,REMARQUES,,,,
REMARQUER,,,,,
REMERCIER,,,,,
REMETTRE,,,,,
REMONTER,,,,,
REMPLACER,,,,,
REMPLIR,,,,,
RENCONTRE,RENCONTRE,,,,
RENCONTRER,,,,,
RENDRE,,,,,
RENONCER,,,,,
RENTRÉE,RENTRÉES,,,,
RENTRER,,,,,
RENVERSER,,,,,
RÉORGANISER,,,,,
RÉPANDRE,,,,,
RÉPARTIR,,,,,
RÉPARTITION,RÉPARTITIONS,,,,
REPAS,REPAS,,,,
REPÉRAGE,REPÉRAGES,,,,
REPÈRE,REPÈRES,,,,
REPÉRER,,,,,
RÉPÉTER,,,,,
REPLACER,,,,,
REPLIER,,,,,
RÉPONDRE,,,,,
RÉPONSE,RÉPONSES,,,,
REPORTER,REPORTÈRE,REPORTERS,REPORTÈRES,,
REPORTER,,,,,
REPOSER,,,,,
REPOUSSER,,,,,
REPRENDRE,,,,,
REPRÉSENTANT,REPRÉSENTANTE,REPRÉSENTANTS,REPRÉSENTANTES,,
REPRÉSENTATION,REPRÉSENTATIONS,,,,
REPRÉSENTER,,,,,
REPROCHE,REPROCHES,,,,
REPRODUIRE,,,,,
RÉPUBLIQUE,RÉPUBLIQUES,,,,
RÉPUBLIQUE TCHÈQUE,,,,,
RÉSERVER,,,,,
RÉSISTANCE,RÉSISTANCES,,,,
RÉSISTER,,,,,
RÉSOLUTION,RÉSOLUTIONS,,,,
RÉSOUDRE,,,,,
RESPECT,RESPECTS,,,,
RESPECTER,,,,,
RESPECTIVEMENT,,,,,
RESPIRER,,,,,
RESSEMBLER,,,,,
RESSERVIR,,,,,
RESTAURATEUR,RESTAURATRICE,RESTAURATEURS,RESTAURATRICES,,
RESTE,RESTES,,,,
RESTER,,,,,
RÉSULTAT,RÉSULTATS,,,,
RÉSULTER,,,,,
RÉSUMER,,,,,
RETENIR,,,,,
RETIRER,,,,,
RETOMBER,,,,,
RETOUR,RETOURS,,,,
RETOURNER,,,,,
RETROUVER,,,,,
RÉUNIR,,,,,
RÉUSSIR,,,,,
REVANCHE,REVANCHES,,,,
RÊVE,RÊVES,,,,
RÉVEIL,RÉVEILS,,,,
RÉVEIL,RÉVEILS,,,,
RÉVEILLER,,,,,
RÉVÉLER,,,,,
REVENIR,,,,,
RÊVER,,,,,
REVOIR,,,,,
REVOIR,,,,,
RÉVOLUTION,RÉVOLUTIONS,,,,
RICHE,RICHES,,,,
RIDEAU,RIDEAUX,,,,
RIEN,,,,,
RIRE,,,,,
RIRE,RIRES,,,,
RISQUER,,,,,
ROBE,ROBES,,,,
ROCHE,ROCHES,,,,
ROCHER,ROCHERS,,,,
ROI,ROIS,,,,
RÔLE,RÔLES,,,,
ROMAN,ROMANE,ROMANS,ROMANES,,
ROMAN,ROMANS,,,,
ROMPRE,,,,,
ROND,RONDE,RONDS,RONDES,,
ROND,RONDS,,,,
ROSE,ROSES,ROSE,ROSES,,
ROSE,ROSES,,,,
ROUGE,ROUGES,,,,
ROULER,,,,,
ROUMANIE,,,,,
ROUTE,ROUTES,,,,
ROUTIER,ROUTIÈRE,ROUTIERS,ROUTIÈRES,,
ROYAUME-UNI,,,,,
RUE,RUES,,,,
RUINE,RUINES,,,,
SABLE,SABLES,,,,
SABLIER,SABLIÈRE,SABLIERS,SABLIÈRES,,
SAC,SACS,,,,
SAC,SACS,,,,
SAINT,SAINTE,SAINTS,SAINTES,,
SAINT,SAINTE,SAINTS,SAINTES,,
SAINTEMENT,,,,,
SAISIR,,,,,
SAISON,SAISONS,,,,
SALLE,SALLES,,,,
SALUER,,,,,
SALUT,SALUTS,,,,
SAMEDI,SAMEDIS,,,,
SANG,SANGS,,,,
SANS,,,,,
SANTÉ,SANTÉS,,,,
SATISFAIRE,,,,,
SAUF,,,,,
SAUTER,,,,,
SAUVAGE,SAUVAGES,,,,
SAUVAGEMENT,,,,,
SAUVER,,,,,
SAVOIR,SAVOIRS,,,,
SCÈNE,SCÈNES,,,,
SCIENCE,SCIENCES,,,,
SCIENTIFIQUE,SCIENTIFIQUE,SCIENTIFIQUES,SCIENTIFIQUES,,
SCIENTIFIQUEMENT,,,,,
SCORE,SCORES,,,,
SCRATCH,,,,,
SCRIPT,SCRIPTS,,,,
SE,,,,,
SEC,SÈCHE,SECS,SÈCHES,,
SÉCANT,SÉCANTE,SÉCANTS,SÉCANTES,,
SÈCHEMENT,,,,,
SECOND,SECONDE,SECONDS,SECONDES,,
SECONDAIRE,SECONDAIRES,,,,
SECONDE,SECONDES,,,,
SECONDE,SECONDES,,,,
SECOURS,SECOURS,,,,
SECRET,SECRÈTE,SECRETS,SECRÈTES,,
SECRÉTAIRE,SECRÉTAIRES,,,,
SECRÈTEMENT,,,,,
SECTEUR,SECTEURS,,,,
SECTION,,,,,
SEGMENT,SEGMENTS,,,,
SEIGNEUR,SEIGNEURS,,,,
SEIN,SEINS,,,,
SEIZE,,,,,
SÉJOUR,SÉJOURS,,,,
SELON,,,,,
SEMAINE,SEMAINES,,,,
SEMAINIER,SEMAINIÈRE,SEMAINIERS,SEMAINIÈRES,,
SEMBLABLE,SEMBLABLES,,,,
SEMBLER,,,,,
SEMER,,,,,
SEMESTRE,SEMESTRES,,,,
SEMESTRIEL,SEMESTRIELLE,SEMESTRIELS,SEMESTRIELLES,,
SEMESTRIELLEMENT,,,,,
SENS,SENS,,,,
SENS,SENS,,,,
SENTIER,SENTIERS,,,,
SENTIMENT,SENTIMENTS,,,,
SENTIR,,,,,
SÉPARÉ,SÉPARÉE,SÉPARÉS,SÉPARÉES,,
SÉPARÉMENT,,,,,
SÉPARER,,,,,
SEPT,,,,,
SEPTEMBRE,,,,,
SÉQUENCE,SÉQUENCES,,,,
SÉRIE,SÉRIES,,,,
SÉRIEUSEMENT,,,,,
SÉRIEUX,SÉRIEUSE,SÉRIEUX,SÉRIEUSES,,
SERRER,,,,,
SERVICE,SERVICES,,,,
SERVIR,,,,,
SEUIL,SEUILS,,,,
SEUL,SEULE,SEULS,SEULES,,
SEULEMENT,,,,,
SI,,,,,
SIÈCLE,SIÈCLES,,,,
SIÈGE,SIÈGES,,,,
SIEN,SIENNE,SIENS,SIENNES,,
SIGNE,SIGNES,,,,
SIGNER,,,,,
SIGNIFIER,,,,,
SIGNIFIER,,,,,
SILENCE,SILENCES,,,,
SILENCIEUSEMENT,,,,,
SILENCIEUX,SILENCIEUSE,SILENCIEUX,SILENCIEUSES,,
SIMILAIRE,SIMILAIRES,,,,
SIMPLE,SIMPLES,,,,
SIMPLIFICATION,SIMPLIFICATIONS,,,,
SIMPLIFIER,,,,,
SINON,,,,,
SITUATION,SITUATIONS,,,,
SITUÉ,SITUÉE,SITUÉS,SITUÉES,,
SITUER,,,,,
SIX,,,,,
SIXIÈME,,,,,
SOCIAL,SOCIALE,SOCIAUX,SOCIALES,,
SOCIÉTÉ,SOCIÉTÉS,,,,
SOI,,,,,
SOI-DISANT,SOI-DISANT,SOI-DISANT,SOI-DISANT,,
SOIR,SOIRS,,,,
SOIRÉE,SOIRÉES,,,,
SOIT,,,,,
SOIT,,,,,
SOIT,,,,,
SOL,SOLS,,,,
SOL,,,,,
SOLDAT,SOLDATE,SOLDATS,SOLDATES,,
SOLDE,SOLDES,,,,
SOLEIL,SOLEILS,,,,
SOLIDE,SOLIDES,,,,
SOLITUDE,SOLITUDES,,,,
SOLUTION,SOLUTIONS,,,,
SOMBRE,SOMBRES,,,,
SOMME,SOMMES,,,,
SOMME,SOMMES,,,,
SOMME,SOMMES,,,,
SOMMEIL,SOMMEILS,,,,
SOMMET,SOMMETS,,,,
SON,SA,SES,SES,,
SON,SONS,,,,
SONGER,,,,,
SONNER,,,,,
SONORE,SONORE,SONORES,SONORES,,
SORTE,SORTES,,,,
SORTIR,,,,,
SOU,SOUS,,,,
SOUCI,SOUCIS,,,,
SOUCI,SOUCIS,,,,
SOUDAIN,SOUDAINE,SOUDAINS,SOUDAINES,,
SOUDAINEMENT,,,,,
SOUFFLER,,,,,
SOUFFRANCE,SOUFFRANCES,,,,
SOUFFRIR,,,,,
SOUHAITER,,,,,
SOULEVER,,,,,
SOULIGNER,,,,,
SOUMETTRE,,,,,
SOURCE,SOURCES,,,,
SOURD,SOURDE,SOURDS,SOURDES,,
SOURDEMENT,,,,,
SOURIRE,,,,,
SOURIRE,SOURIRES,,,,
SOUS,,,,,
SOUS-MULTIPLE,SOUS-MULTIPLES,,,,
SOUS-SOL,SOUS-SOLS,,,,
SOUSTRACTION,SOUSTRACTIONS,,,,
SOUSTRAIRE,,,,,
SOUTENIR,,,,,
SOUVENIR,SOUVENIRS,,,,
SOUVENT,,,,,
SPECTACLE,SPECTACLES,,,,
SPHÈRE,SPHÈRES,,,,
STOP,,,,,
STRICT,STRICTE,STRICTS,STRICTES,,
STRICTEMENT,,,,,
STYLO,STYLOS,,,,
SUBIR,,,,,
SUCCÈS,SUCCÈS,,,,
SUCCESSIF,SUCCESSIVE,SUCCESSIFS,SUCCESSIVES,,
SUCCESSIVEMENT,,,,,
SUÈDE,,,,,
SUEUR,SUEURS,,,,
SUFFIRE,,,,,
SUFFISAMMENT,,,,,
SUFFISAMMENT,,,,,
SUFFISANT,SUFFISANTE,SUFFISANTS,SUFFISANTES,,
SUITE,SUITES,,,,
SUIVANT,,,,,
SUIVRE,,,,,
SUJET,SUJETTE,SUJETS,SUJETTES,,
SUJET,SUJETS,,,,
SUPERFICIE,SUPERFICIES,,,,
SUPÉRIEUR,SUPÉRIEURE,SUPÉRIEURS,SUPÉRIEURES,,
SUPÉRIEUR,SUPÉRIEURE,SUPÉRIEURS,SUPÉRIEURES,,
SUPERPOSABLE,SUPERPOSABLES,,,,
SUPERPOSER,,,,,
SUPERPOSER,,,,,
SUPPLÉMENTAIRE,SUPPLÉMENTAIRE,SUPPLÉMENTAIRES,SUPPLÉMENTAIRES,,
SUPPORTER,,,,,
SUPPORTEUR,SUPPORTRICE,SUPPORTEURS,SUPPORTRICES,,
SUPPOSER,,,,,
SUPPOSER,,,,,
SUPPRESSION,SUPPRESSIONS,,,,
SUPPRIMER,,,,,
SUR,,,,,
SÛR,SÛRE,SÛRS,SÛRES,,
SURFACE,SURFACES,,,,
SURPRENDRE,,,,,
SURTOUT,,,,,
SURVEILLER,,,,,
SUSPENSION,SUSPENSIONS,,,,
SYMBOLE,SYMBOLES,,,,
SYMÉTRIE,SYMÉTRIES,,,,
SYMÉTRIQUE,SYMÉTRIQUES,,,,
SYSTÈME,SYSTÈMES,,,,
TABLE,TABLES,,,,
TABLEAU,TABLEAUX,,,,
TACHE,TACHES,,,,
TÂCHE,TÂCHES,,,,
TAÏAUT,,,,,
TAILLE,TAILLES,,,,
TAIRE,,,,,
TANDIS QUE,,,,,
TANGENT,TANGENTE,TANGENTS,TANGENTES,,
TANT,,,,,
TANTÔT,,,,,
TAPIS,TAPIS,,,,
TARD,,,,,
TARIF,TARIFS,,,,
TARTE,TARTES,,,,
TEL,TELLE,TELS,TELLES,,
TELLEMENT,,,,,
TÉMOIN,TÉMOINS,,,,
TEMPÉRATURE,TEMPÉRATURES,,,,
TEMPÊTE,TEMPÊTES,,,,
TEMPS,,,,,
TENDRE,TENDRES,,,,
TENDRE,,,,,
TENIR,,,,,
TENSION,TENSIONS,,,,
TENTER,,,,,
TERME,TERMES,,,,
TERMINER,,,,,
TERRAIN,TERRAINS,,,,
TERRE,TERRES,,,,
TERREUR,TERREURS,,,,
TERRIBLE,TERRIBLES,,,,
TERRIBLEMENT,,,,,
TÊTE,TÊTES,,,,
TEXTE,TEXTES,,,,
THALÈS,,,,,
THÉÂTRE,THÉÂTRES,,,,
THÉORÈME,THÉORÈMES,,,,
THERMIDOR,,,,,
TIEN,TIENNE,TIENS,TIENNES,,
TIRER,,,,,
TITRE,TITRES,,,,
TOI,,,,,
TOILE,TOILES,,,,
TOIT,TOITS,,,,
TOMBE,TOMBES,,,,
TOMBER,,,,,
TON,TA,TES,TES,,
TON,TONS,,,,
TÔT,,,,,
TOTAL,TOTALE,TOTAUX,TOTALES,,
TOUCHE,TOUCHES,,,,
TOUCHER,,,,,
TOUCHER,TOUCHERS,,,,
TOUJOURS,,,,,
TOUR,TOURS,,,,
TOURNER,,,,,
TOUT,TOUTE,TOUS,TOUTES,,
TRACE,TRACES,,,,
TRACÉ,TRACÉS,,,,
TRACER,,,,,
TRADUIRE,,,,,
TRAIN,TRAINS,,,,
TRAÎNER,,,,,
TRAIT,TRAITS,,,,
TRAIT,TRAITS,,,,
TRAITER,,,,,
TRAJET,TRAJETS,,,,
TRANCHE,TRANCHES,,,,
TRANQUILLE,TRANQUILLES,,,,
TRANSFORMER,,,,,
TRAPÈZE,TRAPÈZES,,,,
TRAVAIL,TRAVAUX,,,,
TRAVAILLER,,,,,
TRAVERS,TRAVERS,,,,
TRAVERSER,,,,,
TREMBLER,,,,,
TRENTE,,,,,
TRENTE-SEPT,,,,,
TRÈS,,,,,
TRÉSOR,TRÉSOR,,,,
TRIANGLE,TRIANGLES,,,,
TRIANGULAIRE,TRIANGULAIRE,TRIANGULAIRES,TRIANGULAIRES,,
TRIER,,,,,
TRIMESTRE,TRIMESTRES,,,,
TRISTE,TRISTES,,,,
TROIS,,,,,
TROISIÈME,TROISIÈMES,,,,
TROISIÈMEMENT,,,,,
TROMPER,,,,,
TRONCATURE,TRONCATURES,,,,
TROP,,,,,
TROTTEUSE,TROTTEUSES,,,,
TROU,TROUS,,,,
TROUBLER,,,,,
TROUVER,,,,,
TU,,,,,
TUER,,,,,
TYPE,TYPES,,,,
UN,UNE,DES,DES,,
UNION,UNIONS,,,,
UNION EUROPÉNNE,,,,,
UNIQUE,UNIQUES,,,,
UNIQUEMENT,,,,,
UNITÉ,UNITÉS,,,,
USAGE,USAGES,,,,
USER,,,,,
USUEL,USUELLE,USUELS,USUELLES,,
UTILE,UTILE,UTILES,UTILES,,
UTILEMENT,,,,,
UTILISATION,UTILISATIONS,,,,
UTILISER,,,,,
VAGUE,VAGUES,,,,
VAGUE,VAGUES,,,,
VAINCRE,,,,,
VALEUR,VALEURS,,,,
VALOIR,,,,,
VARIABLE,VARIABLE,VARIABLES,VARIABLES,,
VARIER,,,,,
VASTE,VASTES,,,,
VEILLE,VEILLES,,,,
VEILLER,,,,,
VENDÉMIAIRE,,,,,
VENDRE,,,,,
VENDREDI,VENDREDIS,,,,
VENIR,,,,,
VENT,VENTS,,,,
VENTE,VENTES,,,,
VENTÔSE,,,,,
VENTRE,VENTRES,,,,
VERBE,ERBES,,,,
VÉRIFIER,,,,,
VÉRITABLE,VÉRITABLES,,,,
VÉRITABLEMENT,,,,,
VÉRITÉ,VÉRITÉS,,,,
VERRE,VERRES,,,,
VERS,,,,,
VERS,VERS,,,,
VERSER,,,,,
VERSUS,,,,,
VERT,VERTE,VERTS,VERTES,,
VERTICAL,VERTICALE,VERTICAUX,VERTICALES,,
VERTICALEMENT,,,,,
VÊTEMENT,VÊTEMENTS,,,,
VÊTIR,,,,,
VIA,,,,,
VICTIME,VICTIMES,,,,
VIDE,VIDES,,,,
VIE,VIES,,,,
VIEILLARD,VIEILLARDE,VIEILLARDS,VIEILLARDES,,
VIEUX,VIEILLE,VIEUX,VIELLES,,
VIF,VIVE,VIFS,VIVES,,
VILLAGE,VILLAGES,,,,
VILLE,VILLES,,,,
VIN,VINS,,,,
VINGT,VINGTS,,,,
VIOLEMMENT,,,,,
VIOLENCE,VIOLENCES,,,,
VIOLENT,VIOLENTE,VIOLENTS,VIOLENTES,,
VIRGULE,VIRGULES,,,,
VISAGE,VISAGES,,,,
VISIBLE,VISIBLES,,,,
VISION,VISIONS,,,,
VISITE,VISITES,,,,
VISITER,,,,,
VITE,,,,,
VITESSE,VITESSES,,,,
VIVANT,VIVANTE,VIVANTS,VIVANTES,,
VIVE,,,,,
VIVEMENT,,,,,
VIVRE,,,,,
VIVRES,,,,,
VOCABULAIRE,VOCABULAIRES,,,,
VOICI,,,,,
VOIE,VOIES,,,,
VOILÀ,,,,,
VOILE,VOILES,,,,
VOILE,VOILES,,,,
VOIR,,,,,
VOIRE,,,,,
VOISIN,VOISINE,VOISINS,VOISINES,,
VOITURE,VOITURES,,,,
VOIX,VOIX,,,,
VOL,VOLS,,,,
VOL,VOLS,,,,
VOLER,,,,,
VOLER,,,,,
VOLONTÉ,VOLONTÉS,,,,
VOLONTIERS,,,,,
VOLUME,VOLUMES,,,,
VOTRE,VOTRE,VOS,VOS,,
VÔTRE,VÔTRES,,,,
VOULOIR,,,,,
VOUS,,,,,
VOUS,,,,,
VOYAGE,VOYAGES,,,,
VOYAGER,,,,,
VRAI,VRAIE,VRAIS,VRAIES,,
VRAIMENT,,,,,
VU,,,,,
VUE,VUES,,,,
YEUX,,,,,
ZONE,ZONES,,,,
ZUT,,,,,
